X,CH1,CH2,CH3,Start,Increment,
Sequence,Volt,Volt,Volt,-4.120000e-02,2.000000e-04
0,1.18e+01,1.20e+00,-1.60e-01,
1,1.22e+01,1.00e+00,8.00e-02,
2,1.22e+01,1.20e+00,8.00e-02,
3,1.18e+01,1.00e+00,-1.60e-01,
4,1.26e+01,1.20e+00,8.00e-02,
5,1.12e+01,1.00e+00,-8.00e-02,
6,1.22e+01,1.20e+00,8.00e-02,
7,1.18e+01,1.00e+00,-8.00e-02,
8,1.22e+01,1.20e+00,8.00e-02,
9,1.18e+01,1.00e+00,-8.00e-02,
10,1.18e+01,1.20e+00,8.00e-02,
11,1.22e+01,1.00e+00,-1.60e-01,
12,1.22e+01,1.00e+00,-8.00e-02,
13,1.18e+01,1.20e+00,8.00e-02,
14,1.14e+01,1.20e+00,8.00e-02,
15,1.26e+01,1.00e+00,-1.60e-01,
16,1.22e+01,1.20e+00,8.00e-02,
17,1.18e+01,1.00e+00,-8.00e-02,
18,1.22e+01,1.20e+00,8.00e-02,
19,1.18e+01,1.00e+00,-8.00e-02,
20,1.22e+01,1.00e+00,8.00e-02,
21,1.18e+01,1.20e+00,-8.00e-02,
22,1.22e+01,1.20e+00,8.00e-02,
23,1.18e+01,1.00e+00,-1.60e-01,
24,1.26e+01,1.20e+00,8.00e-02,
25,1.14e+01,1.00e+00,-1.60e-01,
26,1.22e+01,1.20e+00,-8.00e-02,
27,1.18e+01,1.00e+00,8.00e-02,
28,1.22e+01,1.20e+00,-8.00e-02,
29,1.18e+01,1.00e+00,8.00e-02,
30,1.22e+01,1.20e+00,8.00e-02,
31,1.18e+01,1.00e+00,-8.00e-02,
32,1.14e+01,1.20e+00,-1.60e-01,
33,1.26e+01,1.00e+00,8.00e-02,
34,1.26e+01,1.20e+00,8.00e-02,
35,1.14e+01,1.00e+00,-8.00e-02,
36,1.22e+01,1.20e+00,8.00e-02,
37,1.18e+01,1.00e+00,-1.60e-01,
38,1.22e+01,1.20e+00,8.00e-02,
39,1.18e+01,1.00e+00,-8.00e-02,
40,1.18e+01,1.20e+00,8.00e-02,
41,1.22e+01,1.00e+00,-8.00e-02,
42,1.22e+01,1.00e+00,8.00e-02,
43,1.16e+01,1.20e+00,-8.00e-02,
44,1.14e+01,1.20e+00,8.00e-02,
45,1.26e+01,1.00e+00,-8.00e-02,
46,1.22e+01,1.20e+00,8.00e-02,
47,1.18e+01,1.00e+00,0.00e+00,
48,1.18e+01,1.20e+00,8.00e-02,
49,1.22e+01,1.00e+00,-8.00e-02,
50,1.22e+01,1.00e+00,-8.00e-02,
51,1.18e+01,1.20e+00,8.00e-02,
52,1.22e+01,1.20e+00,8.00e-02,
53,1.18e+01,1.00e+00,-8.00e-02,
54,1.26e+01,1.00e+00,0.00e+00,
55,1.14e+01,1.20e+00,8.00e-02,
56,1.22e+01,1.20e+00,-8.00e-02,
57,1.18e+01,1.00e+00,8.00e-02,
58,1.22e+01,1.20e+00,8.00e-02,
59,1.18e+01,1.00e+00,-8.00e-02,
60,1.18e+01,1.20e+00,8.00e-02,
61,1.22e+01,1.00e+00,-8.00e-02,
62,1.22e+01,1.20e+00,8.00e-02,
63,1.18e+01,1.00e+00,-8.00e-02,
64,1.14e+01,1.20e+00,-1.60e-01,
65,1.24e+01,1.00e+00,8.00e-02,
66,1.22e+01,1.20e+00,8.00e-02,
67,1.18e+01,1.00e+00,-8.00e-02,
68,1.22e+01,1.20e+00,-8.00e-02,
69,1.18e+01,1.00e+00,8.00e-02,
70,1.22e+01,1.20e+00,8.00e-02,
71,1.18e+01,1.00e+00,-8.00e-02,
72,1.22e+01,1.20e+00,8.00e-02,
73,1.18e+01,1.00e+00,-8.00e-02,
74,1.26e+01,1.20e+00,8.00e-02,
75,1.14e+01,1.00e+00,-1.60e-01,
76,1.26e+01,1.20e+00,8.00e-02,
77,1.14e+01,1.00e+00,-8.00e-02,
78,1.22e+01,1.20e+00,8.00e-02,
79,1.18e+01,1.00e+00,-8.00e-02,
80,1.18e+01,1.00e+00,8.00e-02,
81,1.22e+01,1.20e+00,-8.00e-02,
82,1.22e+01,1.20e+00,8.00e-02,
83,1.18e+01,1.00e+00,-8.00e-02,
84,1.22e+01,1.20e+00,8.00e-02,
85,1.18e+01,1.00e+00,-8.00e-02,
86,1.16e+01,1.00e+00,-1.60e-01,
87,1.26e+01,1.20e+00,8.00e-02,
88,1.26e+01,1.20e+00,-8.00e-02,
89,1.12e+01,1.00e+00,8.00e-02,
90,1.22e+01,1.20e+00,0.00e+00,
91,1.18e+01,1.00e+00,8.00e-02,
92,1.22e+01,1.20e+00,8.00e-02,
93,1.18e+01,1.00e+00,-1.60e-01,
94,1.22e+01,1.20e+00,8.00e-02,
95,1.18e+01,1.00e+00,-8.00e-02,
96,1.14e+01,1.00e+00,8.00e-02,
97,1.26e+01,1.20e+00,-8.00e-02,
98,1.22e+01,1.20e+00,-8.00e-02,
99,1.18e+01,1.00e+00,8.00e-02,
100,1.22e+01,1.20e+00,8.00e-02,
101,1.18e+01,1.00e+00,-8.00e-02,
102,1.22e+01,1.20e+00,8.00e-02,
103,1.18e+01,1.00e+00,-8.00e-02,
104,1.22e+01,1.20e+00,-8.00e-02,
105,1.18e+01,1.00e+00,8.00e-02,
106,1.26e+01,1.20e+00,8.00e-02,
107,1.16e+01,1.00e+00,-8.00e-02,
108,1.26e+01,1.20e+00,8.00e-02,
109,1.16e+01,1.00e+00,-8.00e-02,
110,1.22e+01,1.20e+00,8.00e-02,
111,1.18e+01,1.00e+00,-8.00e-02,
112,1.22e+01,1.20e+00,8.00e-02,
113,1.18e+01,1.00e+00,-8.00e-02,
114,1.18e+01,1.00e+00,8.00e-02,
115,1.22e+01,1.20e+00,-8.00e-02,
116,1.18e+01,1.00e+00,0.00e+00,
117,1.22e+01,1.20e+00,8.00e-02,
118,1.16e+01,1.00e+00,-1.60e-01,
119,1.26e+01,1.20e+00,8.00e-02,
120,1.18e+01,1.00e+00,8.00e-02,
121,1.22e+01,1.20e+00,-8.00e-02,
122,1.22e+01,1.20e+00,8.00e-02,
123,1.18e+01,1.00e+00,-1.60e-01,
124,1.22e+01,1.00e+00,8.00e-02,
125,1.18e+01,1.20e+00,-8.00e-02,
126,1.26e+01,1.20e+00,8.00e-02,
127,1.16e+01,1.00e+00,-8.00e-02,
128,1.16e+01,1.20e+00,8.00e-02,
129,1.26e+01,1.00e+00,-8.00e-02,
130,1.22e+01,1.20e+00,8.00e-02,
131,1.18e+01,1.00e+00,-8.00e-02,
132,1.22e+01,1.00e+00,8.00e-02,
133,1.18e+01,1.20e+00,-8.00e-02,
134,1.22e+01,1.20e+00,8.00e-02,
135,1.18e+01,1.00e+00,-8.00e-02,
136,1.14e+01,1.20e+00,8.00e-02,
137,1.26e+01,1.00e+00,-8.00e-02,
138,1.16e+01,1.00e+00,8.00e-02,
139,1.24e+01,1.20e+00,-8.00e-02,
140,1.22e+01,1.20e+00,-8.00e-02,
141,1.18e+01,1.00e+00,8.00e-02,
142,1.22e+01,1.20e+00,8.00e-02,
143,1.18e+01,1.00e+00,-8.00e-02,
144,1.18e+01,1.00e+00,8.00e-02,
145,1.22e+01,1.20e+00,-8.00e-02,
146,1.16e+01,1.20e+00,0.00e+00,
147,1.26e+01,1.00e+00,8.00e-02,
148,1.16e+01,1.20e+00,0.00e+00,
149,1.26e+01,1.00e+00,8.00e-02,
150,1.22e+01,1.00e+00,8.00e-02,
151,1.18e+01,1.20e+00,-1.60e-01,
152,1.22e+01,1.00e+00,8.00e-02,
153,1.18e+01,1.20e+00,-8.00e-02,
154,1.22e+01,1.20e+00,8.00e-02,
155,1.18e+01,1.00e+00,-8.00e-02,
156,1.18e+01,1.20e+00,8.00e-02,
157,1.22e+01,1.00e+00,-1.60e-01,
158,1.16e+01,1.20e+00,8.00e-02,
159,1.26e+01,1.00e+00,-8.00e-02,
160,1.22e+01,1.20e+00,8.00e-02,
161,1.18e+01,1.00e+00,-8.00e-02,
162,1.22e+01,1.20e+00,-1.60e-01,
163,1.18e+01,1.00e+00,8.00e-02,
164,1.18e+01,1.20e+00,0.00e+00,
165,1.22e+01,1.00e+00,8.00e-02,
166,1.22e+01,1.20e+00,8.00e-02,
167,1.18e+01,1.00e+00,-8.00e-02,
168,1.26e+01,1.20e+00,8.00e-02,
169,1.16e+01,1.00e+00,-8.00e-02,
170,1.22e+01,1.20e+00,-8.00e-02,
171,1.18e+01,1.00e+00,8.00e-02,
172,1.22e+01,1.00e+00,8.00e-02,
173,1.18e+01,1.20e+00,-8.00e-02,
174,1.22e+01,1.20e+00,8.00e-02,
175,1.18e+01,1.00e+00,-1.60e-01,
176,1.22e+01,1.20e+00,8.00e-02,
177,1.18e+01,1.00e+00,-8.00e-02,
178,1.26e+01,1.20e+00,8.00e-02,
179,1.16e+01,1.00e+00,-8.00e-02,
180,1.22e+01,1.00e+00,8.00e-02,
181,1.18e+01,1.20e+00,-8.00e-02,
182,1.18e+01,1.20e+00,8.00e-02,
183,1.22e+01,1.00e+00,-1.60e-01,
184,1.22e+01,1.20e+00,8.00e-02,
185,1.18e+01,1.00e+00,-1.60e-01,
186,1.22e+01,1.20e+00,8.00e-02,
187,1.18e+01,1.00e+00,-1.60e-01,
188,1.26e+01,1.20e+00,8.00e-02,
189,1.14e+01,1.00e+00,-8.00e-02,
190,1.22e+01,1.20e+00,8.00e-02,
191,1.18e+01,1.00e+00,-8.00e-02,
192,1.22e+01,1.20e+00,8.00e-02,
193,1.18e+01,1.00e+00,-1.60e-01,
194,1.18e+01,1.00e+00,8.00e-02,
195,1.22e+01,1.20e+00,-1.60e-01,
196,1.18e+01,1.00e+00,-8.00e-02,
197,1.22e+01,1.20e+00,8.00e-02,
198,1.26e+01,1.20e+00,8.00e-02,
199,1.14e+01,1.00e+00,-8.00e-02,
200,1.26e+01,1.20e+00,8.00e-02,
201,1.14e+01,1.00e+00,-1.60e-01,
202,1.22e+01,1.00e+00,8.00e-02,
203,1.18e+01,1.20e+00,-8.00e-02,
204,1.22e+01,1.20e+00,8.00e-02,
205,9.40e+00,-2.00e-01,-8.00e-02,
206,9.60e+00,-2.00e-01,-8.00e-02,
207,5.40e+00,2.00e-01,8.00e-02,
208,5.80e+00,-2.00e-01,8.00e-02,
209,4.20e+00,2.00e-01,-8.00e-02,
210,4.60e+00,-2.00e-01,8.00e-02,
211,3.40e+00,2.00e-01,-8.00e-02,
212,4.00e+00,2.00e-01,8.00e-02,
213,3.20e+00,-2.00e-01,-8.00e-02,
214,4.00e+00,-2.00e-01,8.00e-02,
215,3.20e+00,2.00e-01,-1.60e-01,
216,4.00e+00,2.00e-01,8.00e-02,
217,3.20e+00,-2.00e-01,-1.60e-01,
218,3.20e+00,2.00e-01,8.00e-02,
219,4.00e+00,-2.00e-01,-8.00e-02,
220,4.00e+00,2.00e-01,8.00e-02,
221,3.20e+00,0.00e+00,-8.00e-02,
222,4.20e+00,2.00e-01,0.00e+00,
223,3.20e+00,0.00e+00,8.00e-02,
224,3.40e+00,2.00e-01,8.00e-02,
225,4.00e+00,0.00e+00,-8.00e-02,
226,3.40e+00,0.00e+00,8.00e-02,
227,4.20e+00,2.00e-01,-8.00e-02,
228,3.40e+00,2.00e-01,8.00e-02,
229,4.20e+00,0.00e+00,-1.60e-01,
230,4.20e+00,2.00e-01,8.00e-02,
231,3.40e+00,0.00e+00,-8.00e-02,
232,4.20e+00,0.00e+00,8.00e-02,
233,3.40e+00,2.00e-01,-8.00e-02,
234,3.60e+00,2.00e-01,8.00e-02,
235,4.40e+00,0.00e+00,-8.00e-02,
236,3.80e+00,2.00e-01,8.00e-02,
237,4.60e+00,0.00e+00,-8.00e-02,
238,3.80e+00,2.00e-01,8.00e-02,
239,4.60e+00,0.00e+00,-1.60e-01,
240,4.60e+00,2.00e-01,8.00e-02,
241,3.60e+00,0.00e+00,-8.00e-02,
242,4.60e+00,2.00e-01,8.00e-02,
243,3.80e+00,0.00e+00,-1.60e-01,
244,4.60e+00,0.00e+00,8.00e-02,
245,4.00e+00,2.00e-01,-8.00e-02,
246,3.80e+00,2.00e-01,8.00e-02,
247,4.80e+00,0.00e+00,-8.00e-02,
248,3.80e+00,0.00e+00,8.00e-02,
249,4.60e+00,2.00e-01,-8.00e-02,
250,3.80e+00,0.00e+00,8.00e-02,
251,4.80e+00,2.00e-01,-1.60e-01,
252,3.80e+00,0.00e+00,8.00e-02,
253,5.00e+00,2.00e-01,-8.00e-02,
254,4.20e+00,2.00e-01,8.00e-02,
255,5.00e+00,0.00e+00,-8.00e-02,
256,4.20e+00,2.00e-01,8.00e-02,
257,5.00e+00,0.00e+00,-8.00e-02,
258,5.00e+00,2.00e-01,8.00e-02,
259,4.20e+00,0.00e+00,-8.00e-02,
260,5.20e+00,2.00e-01,8.00e-02,
261,4.20e+00,0.00e+00,-8.00e-02,
262,5.20e+00,2.00e-01,8.00e-02,
263,4.20e+00,0.00e+00,-8.00e-02,
264,4.40e+00,2.00e-01,8.00e-02,
265,5.20e+00,0.00e+00,-8.00e-02,
266,5.20e+00,2.00e-01,-8.00e-02,
267,4.40e+00,0.00e+00,8.00e-02,
268,5.20e+00,0.00e+00,8.00e-02,
269,4.40e+00,2.00e-01,-1.60e-01,
270,5.20e+00,2.00e-01,8.00e-02,
271,4.40e+00,0.00e+00,-8.00e-02,
272,4.40e+00,0.00e+00,8.00e-02,
273,5.40e+00,2.00e-01,-1.60e-01,
274,4.80e+00,2.00e-01,8.00e-02,
275,5.40e+00,0.00e+00,-8.00e-02,
276,4.80e+00,2.00e-01,-8.00e-02,
277,5.60e+00,0.00e+00,8.00e-02,
278,4.80e+00,2.00e-01,8.00e-02,
279,5.60e+00,0.00e+00,-1.60e-01,
280,5.00e+00,2.00e-01,0.00e+00,
281,5.80e+00,0.00e+00,8.00e-02,
282,5.00e+00,0.00e+00,8.00e-02,
283,5.80e+00,4.00e-01,-8.00e-02,
284,5.60e+00,0.00e+00,8.00e-02,
285,4.80e+00,4.00e-01,-8.00e-02,
286,4.80e+00,0.00e+00,8.00e-02,
287,5.60e+00,4.00e-01,-8.00e-02,
288,4.40e+00,0.00e+00,8.00e-02,
289,5.40e+00,4.00e-01,-1.60e-01,
290,5.20e+00,0.00e+00,8.00e-02,
291,4.60e+00,4.00e-01,-1.60e-01,
292,5.20e+00,0.00e+00,8.00e-02,
293,4.40e+00,4.00e-01,-1.60e-01,
294,5.20e+00,4.00e-01,8.00e-02,
295,4.40e+00,0.00e+00,-8.00e-02,
296,5.20e+00,0.00e+00,8.00e-02,
297,4.40e+00,4.00e-01,-8.00e-02,
298,5.20e+00,0.00e+00,8.00e-02,
299,4.40e+00,4.00e-01,-8.00e-02,
300,5.60e+00,4.00e-01,8.00e-02,
301,4.60e+00,0.00e+00,-8.00e-02,
302,5.20e+00,0.00e+00,8.00e-02,
303,4.40e+00,4.00e-01,-1.60e-01,
304,5.20e+00,4.00e-01,8.00e-02,
305,4.40e+00,0.00e+00,-8.00e-02,
306,4.40e+00,4.00e-01,8.00e-02,
307,5.40e+00,0.00e+00,-8.00e-02,
308,4.80e+00,4.00e-01,8.00e-02,
309,5.40e+00,0.00e+00,-8.00e-02,
310,4.40e+00,4.00e-01,8.00e-02,
311,5.40e+00,0.00e+00,-1.60e-01,
312,4.40e+00,4.00e-01,8.00e-02,
313,5.40e+00,0.00e+00,-1.60e-01,
314,5.20e+00,0.00e+00,8.00e-02,
315,4.40e+00,4.00e-01,-8.00e-02,
316,4.40e+00,4.00e-01,8.00e-02,
317,5.60e+00,0.00e+00,-8.00e-02,
318,4.80e+00,4.00e-01,0.00e+00,
319,5.60e+00,0.00e+00,8.00e-02,
320,4.80e+00,4.00e-01,8.00e-02,
321,5.60e+00,0.00e+00,-8.00e-02,
322,4.80e+00,4.00e-01,8.00e-02,
323,5.60e+00,0.00e+00,-8.00e-02,
324,4.80e+00,4.00e-01,8.00e-02,
325,5.60e+00,0.00e+00,-8.00e-02,
326,4.80e+00,0.00e+00,8.00e-02,
327,5.60e+00,4.00e-01,-8.00e-02,
328,4.80e+00,4.00e-01,-8.00e-02,
329,5.60e+00,0.00e+00,8.00e-02,
330,4.80e+00,0.00e+00,8.00e-02,
331,5.60e+00,4.00e-01,-8.00e-02,
332,4.80e+00,0.00e+00,8.00e-02,
333,5.60e+00,4.00e-01,-8.00e-02,
334,4.80e+00,0.00e+00,0.00e+00,
335,5.60e+00,4.00e-01,8.00e-02,
336,4.80e+00,4.00e-01,8.00e-02,
337,5.60e+00,0.00e+00,-8.00e-02,
338,5.60e+00,0.00e+00,-8.00e-02,
339,4.80e+00,4.00e-01,8.00e-02,
340,4.80e+00,4.00e-01,0.00e+00,
341,5.60e+00,0.00e+00,8.00e-02,
342,5.60e+00,4.00e-01,0.00e+00,
343,4.80e+00,0.00e+00,8.00e-02,
344,4.80e+00,4.00e-01,8.00e-02,
345,5.60e+00,0.00e+00,-8.00e-02,
346,5.60e+00,4.00e-01,8.00e-02,
347,4.80e+00,0.00e+00,-8.00e-02,
348,4.80e+00,4.00e-01,8.00e-02,
349,5.80e+00,0.00e+00,-8.00e-02,
350,5.60e+00,4.00e-01,8.00e-02,
351,4.80e+00,0.00e+00,-8.00e-02,
352,4.80e+00,4.00e-01,0.00e+00,
353,5.60e+00,0.00e+00,8.00e-02,
354,5.00e+00,0.00e+00,8.00e-02,
355,5.60e+00,4.00e-01,-8.00e-02,
356,5.60e+00,4.00e-01,8.00e-02,
357,4.80e+00,0.00e+00,-8.00e-02,
358,5.60e+00,0.00e+00,8.00e-02,
359,4.80e+00,4.00e-01,-8.00e-02,
360,5.60e+00,4.00e-01,0.00e+00,
361,4.80e+00,0.00e+00,8.00e-02,
362,4.80e+00,4.00e-01,8.00e-02,
363,5.60e+00,0.00e+00,-8.00e-02,
364,5.80e+00,4.00e-01,8.00e-02,
365,4.80e+00,0.00e+00,-1.60e-01,
366,5.80e+00,4.00e-01,8.00e-02,
367,4.80e+00,0.00e+00,-1.60e-01,
368,4.80e+00,4.00e-01,8.00e-02,
369,5.80e+00,0.00e+00,-8.00e-02,
370,5.80e+00,4.00e-01,8.00e-02,
371,4.80e+00,2.00e-01,-1.60e-01,
372,5.00e+00,4.00e-01,-8.00e-02,
373,5.80e+00,0.00e+00,8.00e-02,
374,5.00e+00,4.00e-01,8.00e-02,
375,5.80e+00,4.00e-01,-1.60e-01,
376,5.00e+00,4.00e-01,8.00e-02,
377,5.80e+00,2.00e-01,-8.00e-02,
378,5.80e+00,4.00e-01,8.00e-02,
379,4.80e+00,4.00e-01,-1.60e-01,
380,5.00e+00,4.00e-01,8.00e-02,
381,5.80e+00,0.00e+00,-1.60e-01,
382,5.80e+00,4.00e-01,8.00e-02,
383,4.80e+00,4.00e-01,-8.00e-02,
384,5.00e+00,4.00e-01,8.00e-02,
385,5.80e+00,2.00e-01,-8.00e-02,
386,5.00e+00,4.00e-01,8.00e-02,
387,5.80e+00,2.00e-01,-8.00e-02,
388,5.80e+00,4.00e-01,-8.00e-02,
389,5.00e+00,0.00e+00,8.00e-02,
390,5.00e+00,4.00e-01,8.00e-02,
391,5.80e+00,4.00e-01,-8.00e-02,
392,5.80e+00,4.00e-01,8.00e-02,
393,5.00e+00,4.00e-01,-8.00e-02,
394,5.00e+00,4.00e-01,8.00e-02,
395,5.80e+00,4.00e-01,-1.60e-01,
396,5.80e+00,4.00e-01,8.00e-02,
397,5.00e+00,2.00e-01,-8.00e-02,
398,5.00e+00,4.00e-01,-8.00e-02,
399,5.80e+00,4.00e-01,8.00e-02,
400,5.80e+00,4.00e-01,8.00e-02,
401,5.00e+00,4.00e-01,-1.60e-01,
402,5.80e+00,4.00e-01,8.00e-02,
403,5.00e+00,4.00e-01,-8.00e-02,
404,5.80e+00,4.00e-01,8.00e-02,
405,5.00e+00,4.00e-01,-8.00e-02,
406,5.80e+00,4.00e-01,8.00e-02,
407,5.00e+00,4.00e-01,-8.00e-02,
408,5.80e+00,4.00e-01,8.00e-02,
409,5.00e+00,2.00e-01,-8.00e-02,
410,5.80e+00,4.00e-01,8.00e-02,
411,5.00e+00,2.00e-01,-8.00e-02,
412,5.80e+00,4.00e-01,-8.00e-02,
413,5.00e+00,4.00e-01,8.00e-02,
414,5.80e+00,4.00e-01,8.00e-02,
415,5.00e+00,4.00e-01,-8.00e-02,
416,5.80e+00,4.00e-01,8.00e-02,
417,5.20e+00,4.00e-01,-8.00e-02,
418,5.80e+00,4.00e-01,8.00e-02,
419,5.00e+00,2.00e-01,-8.00e-02,
420,5.80e+00,4.00e-01,8.00e-02,
421,5.00e+00,2.00e-01,-1.60e-01,
422,5.80e+00,4.00e-01,0.00e+00,
423,5.00e+00,4.00e-01,8.00e-02,
424,5.80e+00,4.00e-01,8.00e-02,
425,5.00e+00,4.00e-01,-8.00e-02,
426,5.80e+00,4.00e-01,8.00e-02,
427,5.00e+00,4.00e-01,-8.00e-02,
428,5.80e+00,4.00e-01,8.00e-02,
429,5.00e+00,4.00e-01,-8.00e-02,
430,5.80e+00,4.00e-01,8.00e-02,
431,5.00e+00,2.00e-01,-8.00e-02,
432,5.80e+00,4.00e-01,8.00e-02,
433,5.00e+00,4.00e-01,-1.60e-01,
434,5.80e+00,4.00e-01,0.00e+00,
435,5.00e+00,4.00e-01,8.00e-02,
436,6.00e+00,4.00e-01,-8.00e-02,
437,5.00e+00,4.00e-01,8.00e-02,
438,5.80e+00,4.00e-01,-8.00e-02,
439,5.00e+00,4.00e-01,8.00e-02,
440,5.80e+00,4.00e-01,8.00e-02,
441,5.00e+00,2.00e-01,-1.60e-01,
442,5.80e+00,4.00e-01,8.00e-02,
443,5.20e+00,4.00e-01,-8.00e-02,
444,5.80e+00,4.00e-01,-8.00e-02,
445,5.00e+00,4.00e-01,8.00e-02,
446,5.80e+00,4.00e-01,8.00e-02,
447,5.00e+00,4.00e-01,-1.60e-01,
448,5.80e+00,4.00e-01,0.00e+00,
449,5.00e+00,4.00e-01,8.00e-02,
450,5.80e+00,4.00e-01,8.00e-02,
451,5.00e+00,2.00e-01,0.00e+00,
452,5.00e+00,4.00e-01,0.00e+00,
453,5.80e+00,4.00e-01,8.00e-02,
454,5.80e+00,4.00e-01,8.00e-02,
455,5.00e+00,4.00e-01,-8.00e-02,
456,5.80e+00,4.00e-01,8.00e-02,
457,5.00e+00,4.00e-01,-8.00e-02,
458,5.80e+00,4.00e-01,0.00e+00,
459,5.00e+00,4.00e-01,8.00e-02,
460,5.80e+00,4.00e-01,0.00e+00,
461,5.00e+00,4.00e-01,8.00e-02,
462,5.80e+00,4.00e-01,8.00e-02,
463,5.00e+00,2.00e-01,-8.00e-02,
464,5.80e+00,4.00e-01,8.00e-02,
465,5.00e+00,4.00e-01,-8.00e-02,
466,5.80e+00,4.00e-01,-8.00e-02,
467,5.00e+00,4.00e-01,8.00e-02,
468,5.80e+00,4.00e-01,-8.00e-02,
469,5.00e+00,4.00e-01,8.00e-02,
470,6.00e+00,4.00e-01,8.00e-02,
471,5.00e+00,4.00e-01,-8.00e-02,
472,5.80e+00,4.00e-01,8.00e-02,
473,5.00e+00,2.00e-01,-8.00e-02,
474,5.80e+00,4.00e-01,8.00e-02,
475,5.00e+00,4.00e-01,-8.00e-02,
476,5.80e+00,4.00e-01,8.00e-02,
477,5.00e+00,4.00e-01,-1.60e-01,
478,5.80e+00,4.00e-01,8.00e-02,
479,5.00e+00,4.00e-01,-8.00e-02,
480,5.80e+00,4.00e-01,8.00e-02,
481,5.00e+00,4.00e-01,-8.00e-02,
482,5.80e+00,4.00e-01,-8.00e-02,
483,5.00e+00,4.00e-01,8.00e-02,
484,5.00e+00,4.00e-01,8.00e-02,
485,6.20e+00,2.00e-01,-8.00e-02,
486,5.80e+00,4.00e-01,8.00e-02,
487,5.00e+00,4.00e-01,-1.60e-01,
488,5.80e+00,4.00e-01,8.00e-02,
489,5.20e+00,4.00e-01,-1.60e-01,
490,5.80e+00,4.00e-01,8.00e-02,
491,5.00e+00,4.00e-01,-1.60e-01,
492,5.80e+00,4.00e-01,8.00e-02,
493,5.00e+00,4.00e-01,-1.60e-01,
494,5.80e+00,4.00e-01,8.00e-02,
495,5.00e+00,2.00e-01,-8.00e-02,
496,5.20e+00,4.00e-01,8.00e-02,
497,6.20e+00,4.00e-01,-1.60e-01,
498,6.00e+00,4.00e-01,8.00e-02,
499,5.00e+00,4.00e-01,-8.00e-02,
500,5.80e+00,4.00e-01,8.00e-02,
501,5.20e+00,4.00e-01,-8.00e-02,
502,5.80e+00,4.00e-01,8.00e-02,
503,5.00e+00,4.00e-01,-8.00e-02,
504,5.80e+00,4.00e-01,8.00e-02,
505,5.20e+00,2.00e-01,-8.00e-02,
506,5.80e+00,4.00e-01,-1.60e-01,
507,5.00e+00,4.00e-01,8.00e-02,
508,5.20e+00,4.00e-01,8.00e-02,
509,6.00e+00,4.00e-01,-1.60e-01,
510,5.80e+00,4.00e-01,8.00e-02,
511,5.20e+00,4.00e-01,-1.60e-01,
512,5.80e+00,4.00e-01,8.00e-02,
513,5.00e+00,4.00e-01,-8.00e-02,
514,6.20e+00,4.00e-01,8.00e-02,
515,5.20e+00,2.00e-01,-1.60e-01,
516,5.00e+00,4.00e-01,8.00e-02,
517,6.00e+00,4.00e-01,-1.60e-01,
518,5.00e+00,4.00e-01,8.00e-02,
519,6.00e+00,4.00e-01,-1.60e-01,
520,5.20e+00,4.00e-01,-8.00e-02,
521,6.00e+00,4.00e-01,8.00e-02,
522,5.80e+00,4.00e-01,-8.00e-02,
523,5.00e+00,4.00e-01,8.00e-02,
524,5.80e+00,4.00e-01,8.00e-02,
525,5.00e+00,4.00e-01,-1.60e-01,
526,5.40e+00,4.00e-01,0.00e+00,
527,5.80e+00,2.00e-01,8.00e-02,
528,5.00e+00,4.00e-01,-8.00e-02,
529,6.20e+00,4.00e-01,8.00e-02,
530,6.00e+00,4.00e-01,8.00e-02,
531,5.20e+00,4.00e-01,-8.00e-02,
532,5.80e+00,4.00e-01,8.00e-02,
533,5.20e+00,4.00e-01,-1.60e-01,
534,5.20e+00,4.00e-01,8.00e-02,
535,6.20e+00,4.00e-01,-1.60e-01,
536,5.80e+00,4.00e-01,8.00e-02,
537,5.00e+00,2.00e-01,-8.00e-02,
538,5.00e+00,4.00e-01,8.00e-02,
539,6.00e+00,4.00e-01,-1.60e-01,
540,5.80e+00,4.00e-01,8.00e-02,
541,5.00e+00,4.00e-01,-8.00e-02,
542,5.80e+00,4.00e-01,8.00e-02,
543,5.20e+00,4.00e-01,-1.60e-01,
544,5.40e+00,4.00e-01,8.00e-02,
545,6.00e+00,4.00e-01,-8.00e-02,
546,5.80e+00,4.00e-01,8.00e-02,
547,5.00e+00,4.00e-01,-8.00e-02,
548,5.00e+00,4.00e-01,8.00e-02,
549,6.00e+00,2.00e-01,-1.60e-01,
550,5.80e+00,4.00e-01,8.00e-02,
551,5.00e+00,4.00e-01,-1.60e-01,
552,5.80e+00,4.00e-01,8.00e-02,
553,5.00e+00,4.00e-01,-8.00e-02,
554,5.00e+00,4.00e-01,8.00e-02,
555,6.00e+00,4.00e-01,-8.00e-02,
556,5.80e+00,4.00e-01,-8.00e-02,
557,5.00e+00,4.00e-01,8.00e-02,
558,5.80e+00,4.00e-01,-1.60e-01,
559,5.00e+00,2.00e-01,8.00e-02,
560,5.00e+00,4.00e-01,8.00e-02,
561,6.00e+00,4.00e-01,-1.60e-01,
562,6.00e+00,4.00e-01,8.00e-02,
563,5.00e+00,4.00e-01,-8.00e-02,
564,6.00e+00,4.00e-01,8.00e-02,
565,5.00e+00,4.00e-01,-8.00e-02,
566,6.00e+00,4.00e-01,-8.00e-02,
567,5.00e+00,4.00e-01,8.00e-02,
568,5.80e+00,4.00e-01,8.00e-02,
569,5.00e+00,2.00e-01,-8.00e-02,
570,5.80e+00,4.00e-01,-8.00e-02,
571,5.20e+00,4.00e-01,8.00e-02,
572,6.00e+00,4.00e-01,8.00e-02,
573,5.00e+00,4.00e-01,-8.00e-02,
574,6.00e+00,4.00e-01,8.00e-02,
575,5.00e+00,4.00e-01,-8.00e-02,
576,5.80e+00,4.00e-01,8.00e-02,
577,5.20e+00,4.00e-01,-8.00e-02,
578,6.00e+00,4.00e-01,8.00e-02,
579,5.20e+00,2.00e-01,-1.60e-01,
580,6.00e+00,4.00e-01,8.00e-02,
581,5.00e+00,2.00e-01,-8.00e-02,
582,5.00e+00,4.00e-01,8.00e-02,
583,6.00e+00,4.00e-01,-8.00e-02,
584,5.40e+00,4.00e-01,8.00e-02,
585,5.80e+00,4.00e-01,-8.00e-02,
586,5.80e+00,4.00e-01,8.00e-02,
587,5.00e+00,4.00e-01,-8.00e-02,
588,5.20e+00,4.00e-01,8.00e-02,
589,6.00e+00,4.00e-01,-8.00e-02,
590,5.00e+00,4.00e-01,-8.00e-02,
591,6.00e+00,2.00e-01,8.00e-02,
592,5.20e+00,4.00e-01,8.00e-02,
593,6.20e+00,4.00e-01,-1.60e-01,
594,6.00e+00,4.00e-01,8.00e-02,
595,5.00e+00,4.00e-01,-8.00e-02,
596,6.00e+00,4.00e-01,8.00e-02,
597,5.00e+00,4.00e-01,-1.60e-01,
598,5.40e+00,4.00e-01,8.00e-02,
599,6.00e+00,4.00e-01,-1.60e-01,
600,5.20e+00,4.00e-01,-8.00e-02,
601,6.00e+00,4.00e-01,8.00e-02,
602,5.00e+00,4.00e-01,8.00e-02,
603,6.00e+00,2.00e-01,-1.60e-01,
604,5.00e+00,4.00e-01,8.00e-02,
605,6.00e+00,4.00e-01,-1.60e-01,
606,5.80e+00,4.00e-01,8.00e-02,
607,5.20e+00,4.00e-01,-8.00e-02,
608,5.00e+00,4.00e-01,-8.00e-02,
609,6.00e+00,4.00e-01,8.00e-02,
610,5.00e+00,4.00e-01,-8.00e-02,
611,6.20e+00,4.00e-01,8.00e-02,
612,5.00e+00,4.00e-01,8.00e-02,
613,5.80e+00,2.00e-01,-1.60e-01,
614,5.40e+00,4.00e-01,8.00e-02,
615,6.20e+00,4.00e-01,-1.60e-01,
616,5.40e+00,4.00e-01,8.00e-02,
617,6.20e+00,4.00e-01,-1.60e-01,
618,6.00e+00,4.00e-01,8.00e-02,
619,5.40e+00,4.00e-01,-8.00e-02,
620,5.40e+00,4.00e-01,8.00e-02,
621,6.00e+00,4.00e-01,-8.00e-02,
622,6.20e+00,4.00e-01,8.00e-02,
623,5.00e+00,2.00e-01,-1.60e-01,
624,5.20e+00,4.00e-01,8.00e-02,
625,6.00e+00,4.00e-01,-1.60e-01,
626,6.00e+00,4.00e-01,8.00e-02,
627,5.20e+00,4.00e-01,-1.60e-01,
628,5.40e+00,4.00e-01,8.00e-02,
629,6.00e+00,4.00e-01,-8.00e-02,
630,5.40e+00,4.00e-01,8.00e-02,
631,6.00e+00,4.00e-01,-8.00e-02,
632,5.40e+00,4.00e-01,8.00e-02,
633,6.00e+00,2.00e-01,-8.00e-02,
634,5.40e+00,4.00e-01,8.00e-02,
635,6.00e+00,2.00e-01,-8.00e-02,
636,5.20e+00,4.00e-01,8.00e-02,
637,6.00e+00,4.00e-01,-8.00e-02,
638,5.00e+00,4.00e-01,8.00e-02,
639,6.00e+00,4.00e-01,-1.60e-01,
640,5.20e+00,4.00e-01,8.00e-02,
641,6.20e+00,4.00e-01,-8.00e-02,
642,5.80e+00,4.00e-01,0.00e+00,
643,5.00e+00,4.00e-01,8.00e-02,
644,5.00e+00,4.00e-01,8.00e-02,
645,6.00e+00,2.00e-01,-8.00e-02,
646,5.00e+00,4.00e-01,-8.00e-02,
647,6.00e+00,4.00e-01,8.00e-02,
648,5.00e+00,4.00e-01,8.00e-02,
649,6.00e+00,4.00e-01,-8.00e-02,
650,6.00e+00,4.00e-01,8.00e-02,
651,5.00e+00,4.00e-01,-8.00e-02,
652,6.20e+00,4.00e-01,8.00e-02,
653,5.20e+00,4.00e-01,-8.00e-02,
654,5.40e+00,4.00e-01,8.00e-02,
655,6.00e+00,2.00e-01,-8.00e-02,
656,5.40e+00,4.00e-01,8.00e-02,
657,6.20e+00,4.00e-01,-1.60e-01,
658,5.00e+00,4.00e-01,8.00e-02,
659,6.00e+00,4.00e-01,-8.00e-02,
660,6.20e+00,4.00e-01,8.00e-02,
661,5.20e+00,4.00e-01,-8.00e-02,
662,5.40e+00,4.00e-01,8.00e-02,
663,6.00e+00,4.00e-01,-8.00e-02,
664,6.00e+00,4.00e-01,8.00e-02,
665,5.20e+00,4.00e-01,-8.00e-02,
666,6.00e+00,4.00e-01,-1.60e-01,
667,5.00e+00,2.00e-01,8.00e-02,
668,5.80e+00,4.00e-01,8.00e-02,
669,5.00e+00,4.00e-01,-1.60e-01,
670,5.80e+00,4.00e-01,8.00e-02,
671,5.20e+00,4.00e-01,-8.00e-02,
672,6.00e+00,4.00e-01,-8.00e-02,
673,5.20e+00,4.00e-01,8.00e-02,
674,6.00e+00,4.00e-01,8.00e-02,
675,5.20e+00,4.00e-01,-8.00e-02,
676,6.20e+00,4.00e-01,-8.00e-02,
677,5.00e+00,2.00e-01,8.00e-02,
678,5.20e+00,4.00e-01,-1.60e-01,
679,6.00e+00,4.00e-01,8.00e-02,
680,6.00e+00,4.00e-01,8.00e-02,
681,5.00e+00,4.00e-01,-1.60e-01,
682,6.20e+00,4.00e-01,8.00e-02,
683,5.00e+00,4.00e-01,-8.00e-02,
684,5.20e+00,4.00e-01,-8.00e-02,
685,6.00e+00,4.00e-01,8.00e-02,
686,6.00e+00,4.00e-01,-8.00e-02,
687,5.20e+00,2.00e-01,8.00e-02,
688,5.00e+00,4.00e-01,8.00e-02,
689,6.20e+00,2.00e-01,-8.00e-02,
690,5.00e+00,4.00e-01,8.00e-02,
691,6.00e+00,4.00e-01,-1.60e-01,
692,5.00e+00,4.00e-01,8.00e-02,
693,6.20e+00,4.00e-01,-1.60e-01,
694,5.80e+00,4.00e-01,-8.00e-02,
695,5.40e+00,4.00e-01,8.00e-02,
696,6.20e+00,4.00e-01,-8.00e-02,
697,5.20e+00,2.00e-01,8.00e-02,
698,5.40e+00,4.00e-01,-8.00e-02,
699,6.20e+00,2.00e-01,8.00e-02,
700,5.00e+00,4.00e-01,8.00e-02,
701,5.80e+00,4.00e-01,-8.00e-02,
702,5.00e+00,4.00e-01,8.00e-02,
703,6.00e+00,4.00e-01,-1.60e-01,
704,5.40e+00,4.00e-01,8.00e-02,
705,6.00e+00,4.00e-01,-1.60e-01,
706,5.40e+00,4.00e-01,8.00e-02,
707,6.00e+00,4.00e-01,-1.60e-01,
708,6.20e+00,4.00e-01,8.00e-02,
709,5.20e+00,2.00e-01,-1.60e-01,
710,5.40e+00,4.00e-01,8.00e-02,
711,6.00e+00,2.00e-01,-8.00e-02,
712,5.80e+00,4.00e-01,8.00e-02,
713,5.40e+00,4.00e-01,-1.60e-01,
714,5.20e+00,4.00e-01,8.00e-02,
715,6.20e+00,4.00e-01,-8.00e-02,
716,5.00e+00,4.00e-01,8.00e-02,
717,6.00e+00,4.00e-01,-8.00e-02,
718,5.40e+00,4.00e-01,8.00e-02,
719,6.00e+00,4.00e-01,-8.00e-02,
720,6.20e+00,4.00e-01,8.00e-02,
721,5.00e+00,2.00e-01,-8.00e-02,
722,5.80e+00,4.00e-01,8.00e-02,
723,5.00e+00,4.00e-01,-1.60e-01,
724,6.00e+00,4.00e-01,8.00e-02,
725,5.00e+00,4.00e-01,-8.00e-02,
726,5.40e+00,4.00e-01,8.00e-02,
727,6.20e+00,4.00e-01,-8.00e-02,
728,5.00e+00,4.00e-01,8.00e-02,
729,6.20e+00,4.00e-01,-8.00e-02,
730,5.40e+00,4.00e-01,8.00e-02,
731,6.20e+00,2.00e-01,-8.00e-02,
732,6.00e+00,4.00e-01,8.00e-02,
733,5.00e+00,4.00e-01,-8.00e-02,
734,5.80e+00,4.00e-01,8.00e-02,
735,5.20e+00,4.00e-01,-8.00e-02,
736,5.40e+00,4.00e-01,8.00e-02,
737,6.00e+00,4.00e-01,-8.00e-02,
738,5.40e+00,4.00e-01,8.00e-02,
739,6.20e+00,4.00e-01,-8.00e-02,
740,6.20e+00,4.00e-01,8.00e-02,
741,5.20e+00,2.00e-01,-1.60e-01,
742,6.20e+00,4.00e-01,8.00e-02,
743,5.20e+00,2.00e-01,-1.60e-01,
744,6.00e+00,4.00e-01,8.00e-02,
745,5.20e+00,4.00e-01,-8.00e-02,
746,5.00e+00,4.00e-01,8.00e-02,
747,6.00e+00,4.00e-01,-8.00e-02,
748,5.40e+00,4.00e-01,8.00e-02,
749,6.20e+00,4.00e-01,-8.00e-02,
750,6.20e+00,4.00e-01,8.00e-02,
751,5.20e+00,2.00e-01,-8.00e-02,
752,5.40e+00,4.00e-01,-1.60e-01,
753,6.20e+00,2.00e-01,8.00e-02,
754,5.40e+00,4.00e-01,-1.60e-01,
755,6.00e+00,4.00e-01,8.00e-02,
756,5.20e+00,4.00e-01,8.00e-02,
757,6.20e+00,4.00e-01,-1.60e-01,
758,5.40e+00,4.00e-01,-8.00e-02,
759,6.00e+00,4.00e-01,8.00e-02,
760,5.40e+00,4.00e-01,8.00e-02,
761,6.00e+00,4.00e-01,-8.00e-02,
762,5.40e+00,4.00e-01,8.00e-02,
763,6.00e+00,2.00e-01,-1.60e-01,
764,6.00e+00,4.00e-01,0.00e+00,
765,5.00e+00,2.00e-01,8.00e-02,
766,5.20e+00,4.00e-01,8.00e-02,
767,6.20e+00,4.00e-01,-8.00e-02,
768,6.20e+00,4.00e-01,8.00e-02,
769,5.20e+00,4.00e-01,-8.00e-02,
770,6.00e+00,4.00e-01,0.00e+00,
771,5.00e+00,4.00e-01,8.00e-02,
772,5.40e+00,4.00e-01,8.00e-02,
773,6.00e+00,2.00e-01,-1.60e-01,
774,6.20e+00,4.00e-01,-8.00e-02,
775,5.00e+00,2.00e-01,8.00e-02,
776,5.00e+00,4.00e-01,8.00e-02,
777,6.20e+00,4.00e-01,-1.60e-01,
778,5.40e+00,4.00e-01,8.00e-02,
779,6.00e+00,4.00e-01,-8.00e-02,
780,6.20e+00,4.00e-01,8.00e-02,
781,5.20e+00,4.00e-01,-8.00e-02,
782,6.20e+00,4.00e-01,8.00e-02,
783,5.40e+00,4.00e-01,-8.00e-02,
784,5.00e+00,4.00e-01,-8.00e-02,
785,6.00e+00,2.00e-01,8.00e-02,
786,6.20e+00,4.00e-01,8.00e-02,
787,5.20e+00,4.00e-01,-8.00e-02,
788,5.80e+00,4.00e-01,0.00e+00,
789,5.20e+00,4.00e-01,8.00e-02,
790,6.20e+00,4.00e-01,8.00e-02,
791,5.00e+00,4.00e-01,-8.00e-02,
792,5.40e+00,4.00e-01,8.00e-02,
793,6.00e+00,4.00e-01,-8.00e-02,
794,5.20e+00,4.00e-01,8.00e-02,
795,6.00e+00,2.00e-01,-8.00e-02,
796,5.20e+00,4.00e-01,8.00e-02,
797,6.20e+00,2.00e-01,-8.00e-02,
798,6.00e+00,4.00e-01,8.00e-02,
799,5.00e+00,4.00e-01,-8.00e-02,
800,5.40e+00,4.00e-01,8.00e-02,
801,6.20e+00,4.00e-01,-8.00e-02,
802,5.40e+00,4.00e-01,8.00e-02,
803,6.00e+00,4.00e-01,-8.00e-02,
804,5.40e+00,4.00e-01,8.00e-02,
805,6.00e+00,2.00e-01,-8.00e-02,
806,6.20e+00,4.00e-01,8.00e-02,
807,5.00e+00,2.00e-01,-8.00e-02,
808,6.00e+00,4.00e-01,-8.00e-02,
809,5.20e+00,4.00e-01,8.00e-02,
810,6.00e+00,4.00e-01,8.00e-02,
811,5.00e+00,4.00e-01,-8.00e-02,
812,6.20e+00,4.00e-01,8.00e-02,
813,5.20e+00,4.00e-01,-8.00e-02,
814,5.00e+00,4.00e-01,-8.00e-02,
815,6.20e+00,2.00e-01,8.00e-02,
816,6.00e+00,4.00e-01,8.00e-02,
817,5.40e+00,2.00e-01,-8.00e-02,
818,6.00e+00,4.00e-01,-8.00e-02,
819,5.20e+00,4.00e-01,8.00e-02,
820,6.00e+00,4.00e-01,8.00e-02,
821,5.00e+00,4.00e-01,-1.60e-01,
822,5.80e+00,4.00e-01,8.00e-02,
823,5.00e+00,4.00e-01,-8.00e-02,
824,5.00e+00,4.00e-01,-8.00e-02,
825,6.20e+00,4.00e-01,8.00e-02,
826,5.40e+00,4.00e-01,8.00e-02,
827,6.20e+00,2.00e-01,-8.00e-02,
828,6.00e+00,4.00e-01,8.00e-02,
829,5.00e+00,2.00e-01,-1.60e-01,
830,5.00e+00,4.00e-01,8.00e-02,
831,6.00e+00,4.00e-01,-8.00e-02,
832,6.00e+00,4.00e-01,0.00e+00,
833,5.40e+00,4.00e-01,8.00e-02,
834,6.20e+00,4.00e-01,8.00e-02,
835,5.00e+00,4.00e-01,-8.00e-02,
836,5.40e+00,4.00e-01,8.00e-02,
837,6.20e+00,2.00e-01,-8.00e-02,
838,6.00e+00,4.00e-01,-8.00e-02,
839,5.00e+00,2.00e-01,8.00e-02,
840,5.00e+00,4.00e-01,8.00e-02,
841,6.00e+00,4.00e-01,0.00e+00,
842,6.00e+00,4.00e-01,8.00e-02,
843,5.20e+00,4.00e-01,-1.60e-01,
844,5.40e+00,4.00e-01,0.00e+00,
845,6.20e+00,4.00e-01,8.00e-02,
846,6.00e+00,4.00e-01,8.00e-02,
847,5.00e+00,4.00e-01,-8.00e-02,
848,6.00e+00,4.00e-01,8.00e-02,
849,5.00e+00,2.00e-01,-8.00e-02,
850,6.00e+00,4.00e-01,8.00e-02,
851,5.00e+00,2.00e-01,-8.00e-02,
852,5.40e+00,4.00e-01,8.00e-02,
853,6.20e+00,4.00e-01,-8.00e-02,
854,6.00e+00,4.00e-01,8.00e-02,
855,5.40e+00,4.00e-01,-8.00e-02,
856,6.20e+00,4.00e-01,-8.00e-02,
857,5.20e+00,4.00e-01,8.00e-02,
858,6.00e+00,4.00e-01,8.00e-02,
859,5.20e+00,2.00e-01,-8.00e-02,
860,5.20e+00,4.00e-01,-1.60e-01,
861,6.00e+00,2.00e-01,8.00e-02,
862,6.20e+00,4.00e-01,-8.00e-02,
863,5.00e+00,4.00e-01,8.00e-02,
864,6.00e+00,4.00e-01,8.00e-02,
865,5.00e+00,4.00e-01,-1.60e-01,
866,5.00e+00,4.00e-01,8.00e-02,
867,6.20e+00,4.00e-01,-1.60e-01,
868,6.00e+00,4.00e-01,-8.00e-02,
869,5.20e+00,2.00e-01,8.00e-02,
870,5.40e+00,4.00e-01,8.00e-02,
871,6.20e+00,2.00e-01,-1.60e-01,
872,6.00e+00,4.00e-01,-8.00e-02,
873,5.00e+00,4.00e-01,8.00e-02,
874,6.20e+00,4.00e-01,8.00e-02,
875,5.00e+00,4.00e-01,-1.60e-01,
876,6.00e+00,4.00e-01,8.00e-02,
877,5.00e+00,4.00e-01,-1.60e-01,
878,5.00e+00,4.00e-01,8.00e-02,
879,6.20e+00,4.00e-01,-8.00e-02,
880,5.40e+00,4.00e-01,8.00e-02,
881,6.20e+00,2.00e-01,-8.00e-02,
882,5.00e+00,4.00e-01,8.00e-02,
883,6.20e+00,2.00e-01,-1.60e-01,
884,6.00e+00,4.00e-01,-8.00e-02,
885,5.00e+00,4.00e-01,8.00e-02,
886,5.40e+00,4.00e-01,8.00e-02,
887,6.00e+00,4.00e-01,-8.00e-02,
888,5.40e+00,4.00e-01,8.00e-02,
889,6.20e+00,4.00e-01,-1.60e-01,
890,6.20e+00,4.00e-01,8.00e-02,
891,5.20e+00,2.00e-01,-1.60e-01,
892,5.80e+00,4.00e-01,8.00e-02,
893,5.00e+00,2.00e-01,-1.60e-01,
894,5.40e+00,4.00e-01,8.00e-02,
895,6.00e+00,4.00e-01,-1.60e-01,
896,6.00e+00,4.00e-01,8.00e-02,
897,5.00e+00,4.00e-01,-1.60e-01,
898,5.80e+00,4.00e-01,8.00e-02,
899,5.20e+00,4.00e-01,-8.00e-02,
900,5.40e+00,4.00e-01,-8.00e-02,
901,6.00e+00,4.00e-01,8.00e-02,
902,5.40e+00,4.00e-01,8.00e-02,
903,5.80e+00,2.00e-01,-1.60e-01,
904,6.00e+00,4.00e-01,-1.60e-01,
905,5.00e+00,2.00e-01,8.00e-02,
906,5.80e+00,4.00e-01,8.00e-02,
907,5.20e+00,4.00e-01,-1.60e-01,
908,5.80e+00,4.00e-01,-1.60e-01,
909,5.00e+00,4.00e-01,8.00e-02,
910,6.00e+00,4.00e-01,8.00e-02,
911,5.00e+00,4.00e-01,-8.00e-02,
912,5.00e+00,4.00e-01,8.00e-02,
913,5.80e+00,2.00e-01,-1.60e-01,
914,6.20e+00,4.00e-01,8.00e-02,
915,5.00e+00,2.00e-01,-1.60e-01,
916,5.00e+00,4.00e-01,8.00e-02,
917,6.00e+00,4.00e-01,-1.60e-01,
918,5.40e+00,4.00e-01,8.00e-02,
919,6.20e+00,4.00e-01,-1.60e-01,
920,5.20e+00,4.00e-01,8.00e-02,
921,6.20e+00,4.00e-01,-8.00e-02,
922,6.20e+00,4.00e-01,-8.00e-02,
923,5.20e+00,2.00e-01,8.00e-02,
924,5.40e+00,4.00e-01,8.00e-02,
925,6.00e+00,2.00e-01,-1.60e-01,
926,6.00e+00,4.00e-01,8.00e-02,
927,5.20e+00,4.00e-01,-8.00e-02,
928,5.40e+00,4.00e-01,8.00e-02,
929,6.00e+00,4.00e-01,-1.60e-01,
930,6.00e+00,4.00e-01,8.00e-02,
931,5.00e+00,4.00e-01,-8.00e-02,
932,6.20e+00,4.00e-01,8.00e-02,
933,5.20e+00,4.00e-01,0.00e+00,
934,5.00e+00,4.00e-01,8.00e-02,
935,6.20e+00,2.00e-01,-1.60e-01,
936,6.20e+00,4.00e-01,8.00e-02,
937,5.20e+00,4.00e-01,0.00e+00,
938,5.40e+00,4.00e-01,8.00e-02,
939,6.20e+00,4.00e-01,-8.00e-02,
940,5.40e+00,4.00e-01,8.00e-02,
941,6.00e+00,4.00e-01,-8.00e-02,
942,5.20e+00,4.00e-01,8.00e-02,
943,6.00e+00,4.00e-01,0.00e+00,
944,6.20e+00,4.00e-01,-8.00e-02,
945,5.00e+00,2.00e-01,8.00e-02,
946,5.00e+00,4.00e-01,-8.00e-02,
947,6.20e+00,2.00e-01,8.00e-02,
948,6.00e+00,4.00e-01,8.00e-02,
949,5.00e+00,4.00e-01,-8.00e-02,
950,5.00e+00,4.00e-01,8.00e-02,
951,6.00e+00,4.00e-01,-1.60e-01,
952,6.20e+00,4.00e-01,8.00e-02,
953,5.40e+00,4.00e-01,-8.00e-02,
954,5.00e+00,4.00e-01,8.00e-02,
955,1.26e+01,1.40e+00,-8.00e-02,
956,1.26e+01,1.40e+00,8.00e-02,
957,1.14e+01,1.20e+00,-8.00e-02,
958,1.26e+01,1.40e+00,0.00e+00,
959,1.18e+01,1.00e+00,8.00e-02,
960,1.18e+01,1.40e+00,8.00e-02,
961,1.22e+01,1.20e+00,-8.00e-02,
962,1.22e+01,1.40e+00,8.00e-02,
963,1.18e+01,1.00e+00,-8.00e-02,
964,1.18e+01,1.40e+00,8.00e-02,
965,1.22e+01,1.00e+00,-8.00e-02,
966,1.18e+01,1.40e+00,8.00e-02,
967,1.22e+01,1.00e+00,-8.00e-02,
968,1.18e+01,1.40e+00,8.00e-02,
969,1.22e+01,1.00e+00,-1.60e-01,
970,1.18e+01,1.40e+00,8.00e-02,
971,1.22e+01,1.00e+00,-8.00e-02,
972,1.18e+01,1.40e+00,8.00e-02,
973,1.22e+01,1.00e+00,-1.60e-01,
974,1.22e+01,1.40e+00,8.00e-02,
975,1.18e+01,1.00e+00,-8.00e-02,
976,1.22e+01,1.00e+00,8.00e-02,
977,1.18e+01,1.40e+00,-1.60e-01,
978,1.18e+01,1.00e+00,8.00e-02,
979,1.22e+01,1.40e+00,-8.00e-02,
980,1.22e+01,1.00e+00,8.00e-02,
981,1.18e+01,1.40e+00,-1.60e-01,
982,1.22e+01,1.00e+00,8.00e-02,
983,1.18e+01,1.40e+00,-8.00e-02,
984,1.22e+01,1.00e+00,8.00e-02,
985,1.18e+01,1.40e+00,-1.60e-01,
986,1.22e+01,1.20e+00,8.00e-02,
987,1.18e+01,1.00e+00,-1.60e-01,
988,1.22e+01,1.20e+00,8.00e-02,
989,1.18e+01,1.00e+00,-1.60e-01,
990,1.22e+01,1.20e+00,8.00e-02,
991,1.18e+01,1.00e+00,-1.60e-01,
992,1.22e+01,1.20e+00,8.00e-02,
993,1.18e+01,1.00e+00,-8.00e-02,
994,1.22e+01,1.20e+00,8.00e-02,
995,1.18e+01,1.00e+00,-8.00e-02,
996,1.22e+01,1.00e+00,8.00e-02,
997,1.18e+01,1.20e+00,-8.00e-02,
998,1.18e+01,1.20e+00,8.00e-02,
999,1.22e+01,1.00e+00,-8.00e-02,
1000,1.22e+01,1.00e+00,8.00e-02,
1001,1.18e+01,1.20e+00,-8.00e-02,
1002,1.18e+01,1.20e+00,8.00e-02,
1003,1.22e+01,1.00e+00,-8.00e-02,
1004,1.22e+01,1.20e+00,8.00e-02,
1005,1.18e+01,1.00e+00,-8.00e-02,
1006,1.22e+01,1.00e+00,8.00e-02,
1007,1.18e+01,1.20e+00,-8.00e-02,
1008,1.22e+01,1.20e+00,8.00e-02,
1009,1.18e+01,1.00e+00,-1.60e-01,
1010,1.22e+01,1.20e+00,8.00e-02,
1011,1.18e+01,1.00e+00,-8.00e-02,
1012,1.22e+01,1.20e+00,8.00e-02,
1013,1.18e+01,1.00e+00,-8.00e-02,
1014,1.22e+01,1.20e+00,8.00e-02,
1015,1.18e+01,1.00e+00,-8.00e-02,
1016,1.22e+01,1.00e+00,8.00e-02,
1017,1.18e+01,1.40e+00,-8.00e-02,
1018,1.22e+01,1.20e+00,8.00e-02,
1019,1.18e+01,1.00e+00,-8.00e-02,
1020,1.22e+01,1.00e+00,8.00e-02,
1021,1.18e+01,1.40e+00,-8.00e-02,
1022,1.18e+01,1.00e+00,8.00e-02,
1023,1.22e+01,1.20e+00,-1.60e-01,
1024,1.18e+01,1.00e+00,8.00e-02,
1025,1.22e+01,1.20e+00,-8.00e-02,
1026,1.18e+01,1.00e+00,8.00e-02,
1027,1.22e+01,1.20e+00,-8.00e-02,
1028,1.22e+01,1.20e+00,8.00e-02,
1029,1.18e+01,1.00e+00,-8.00e-02,
1030,1.22e+01,1.20e+00,8.00e-02,
1031,1.18e+01,1.00e+00,-1.60e-01,
1032,1.22e+01,1.20e+00,8.00e-02,
1033,1.18e+01,1.00e+00,-1.60e-01,
1034,1.22e+01,1.20e+00,-8.00e-02,
1035,1.18e+01,1.00e+00,8.00e-02,
1036,1.22e+01,1.20e+00,8.00e-02,
1037,1.18e+01,1.00e+00,-8.00e-02,
1038,1.22e+01,1.20e+00,8.00e-02,
1039,1.18e+01,1.00e+00,-8.00e-02,
1040,1.22e+01,1.20e+00,8.00e-02,
1041,1.18e+01,1.00e+00,-8.00e-02,
1042,1.22e+01,1.00e+00,8.00e-02,
1043,1.18e+01,1.20e+00,-8.00e-02,
1044,1.22e+01,1.20e+00,8.00e-02,
1045,1.18e+01,1.00e+00,0.00e+00,
1046,1.18e+01,1.00e+00,8.00e-02,
1047,1.22e+01,1.20e+00,-8.00e-02,
1048,1.22e+01,1.00e+00,8.00e-02,
1049,1.18e+01,1.40e+00,-8.00e-02,
1050,1.22e+01,1.00e+00,0.00e+00,
1051,1.18e+01,1.40e+00,8.00e-02,
1052,1.22e+01,1.20e+00,0.00e+00,
1053,1.18e+01,1.00e+00,8.00e-02,
1054,1.22e+01,1.20e+00,8.00e-02,
1055,1.18e+01,1.00e+00,-8.00e-02,
1056,1.22e+01,1.20e+00,8.00e-02,
1057,1.18e+01,1.00e+00,-8.00e-02,
1058,1.22e+01,1.20e+00,0.00e+00,
1059,1.18e+01,1.00e+00,8.00e-02,
1060,1.18e+01,1.00e+00,8.00e-02,
1061,1.22e+01,1.20e+00,-8.00e-02,
1062,1.22e+01,1.00e+00,8.00e-02,
1063,1.18e+01,1.20e+00,-8.00e-02,
1064,1.22e+01,1.20e+00,-8.00e-02,
1065,1.18e+01,1.00e+00,8.00e-02,
1066,1.22e+01,1.20e+00,8.00e-02,
1067,1.18e+01,1.00e+00,-8.00e-02,
1068,1.22e+01,1.20e+00,8.00e-02,
1069,1.18e+01,1.00e+00,-8.00e-02,
1070,1.22e+01,1.00e+00,8.00e-02,
1071,1.18e+01,1.20e+00,-8.00e-02,
1072,1.18e+01,1.20e+00,8.00e-02,
1073,1.22e+01,1.00e+00,-8.00e-02,
1074,1.22e+01,1.20e+00,8.00e-02,
1075,1.18e+01,1.00e+00,-1.60e-01,
1076,1.22e+01,1.20e+00,8.00e-02,
1077,1.18e+01,1.00e+00,-8.00e-02,
1078,1.22e+01,1.20e+00,-8.00e-02,
1079,1.18e+01,1.00e+00,8.00e-02,
1080,1.22e+01,1.00e+00,8.00e-02,
1081,1.18e+01,1.20e+00,-8.00e-02,
1082,1.22e+01,1.00e+00,8.00e-02,
1083,1.18e+01,1.20e+00,-8.00e-02,
1084,1.22e+01,1.20e+00,-8.00e-02,
1085,1.18e+01,1.00e+00,8.00e-02,
1086,1.22e+01,1.00e+00,8.00e-02,
1087,1.18e+01,1.20e+00,-1.60e-01,
1088,1.18e+01,1.00e+00,8.00e-02,
1089,1.22e+01,1.20e+00,-1.60e-01,
1090,1.22e+01,1.00e+00,8.00e-02,
1091,1.18e+01,1.20e+00,-8.00e-02,
1092,1.18e+01,1.20e+00,8.00e-02,
1093,1.22e+01,1.00e+00,-8.00e-02,
1094,1.22e+01,1.20e+00,8.00e-02,
1095,1.18e+01,1.00e+00,-1.60e-01,
1096,1.22e+01,1.20e+00,-1.60e-01,
1097,1.18e+01,1.00e+00,8.00e-02,
1098,1.18e+01,1.20e+00,8.00e-02,
1099,1.22e+01,1.00e+00,-1.60e-01,
1100,1.18e+01,1.20e+00,8.00e-02,
1101,1.22e+01,1.00e+00,-8.00e-02,
1102,1.22e+01,1.20e+00,8.00e-02,
1103,1.18e+01,1.00e+00,-1.60e-01,
1104,1.22e+01,1.20e+00,8.00e-02,
1105,1.18e+01,1.00e+00,-8.00e-02,
1106,1.22e+01,1.20e+00,8.00e-02,
1107,1.18e+01,1.00e+00,-1.60e-01,
1108,1.22e+01,1.00e+00,8.00e-02,
1109,1.18e+01,1.20e+00,-1.60e-01,
1110,1.22e+01,1.20e+00,8.00e-02,
1111,1.18e+01,1.00e+00,-1.60e-01,
1112,1.22e+01,1.20e+00,8.00e-02,
1113,1.18e+01,1.00e+00,-8.00e-02,
1114,1.18e+01,1.20e+00,8.00e-02,
1115,1.22e+01,1.00e+00,-8.00e-02,
1116,1.22e+01,1.00e+00,8.00e-02,
1117,1.18e+01,1.20e+00,-8.00e-02,
1118,1.18e+01,1.20e+00,-8.00e-02,
1119,1.22e+01,1.00e+00,8.00e-02,
1120,1.22e+01,1.20e+00,8.00e-02,
1121,1.18e+01,1.00e+00,-1.60e-01,
1122,1.22e+01,1.20e+00,8.00e-02,
1123,1.18e+01,1.00e+00,-1.60e-01,
1124,1.18e+01,1.20e+00,8.00e-02,
1125,1.22e+01,1.00e+00,-8.00e-02,
1126,1.18e+01,1.20e+00,8.00e-02,
1127,1.22e+01,1.00e+00,-8.00e-02,
1128,1.18e+01,1.00e+00,8.00e-02,
1129,1.22e+01,1.20e+00,-1.60e-01,
1130,1.18e+01,1.20e+00,8.00e-02,
1131,1.22e+01,1.00e+00,-8.00e-02,
1132,1.18e+01,1.00e+00,8.00e-02,
1133,1.22e+01,1.20e+00,-8.00e-02,
1134,1.22e+01,1.20e+00,8.00e-02,
1135,1.18e+01,1.00e+00,-1.60e-01,
1136,1.18e+01,1.00e+00,8.00e-02,
1137,1.22e+01,1.20e+00,-8.00e-02,
1138,1.18e+01,1.20e+00,-8.00e-02,
1139,1.22e+01,1.00e+00,8.00e-02,
1140,1.18e+01,1.00e+00,8.00e-02,
1141,1.22e+01,1.20e+00,-8.00e-02,
1142,1.22e+01,1.00e+00,8.00e-02,
1143,1.18e+01,1.20e+00,-8.00e-02,
1144,1.18e+01,1.00e+00,8.00e-02,
1145,1.22e+01,1.20e+00,-1.60e-01,
1146,1.22e+01,1.20e+00,8.00e-02,
1147,1.18e+01,1.00e+00,-8.00e-02,
1148,1.18e+01,1.20e+00,8.00e-02,
1149,1.22e+01,1.00e+00,-8.00e-02,
1150,1.18e+01,1.20e+00,8.00e-02,
1151,1.22e+01,1.00e+00,-1.60e-01,
1152,1.18e+01,1.00e+00,8.00e-02,
1153,1.22e+01,1.20e+00,-8.00e-02,
1154,1.18e+01,1.20e+00,8.00e-02,
1155,1.22e+01,1.00e+00,-8.00e-02,
1156,1.18e+01,1.00e+00,8.00e-02,
1157,1.22e+01,1.20e+00,-1.60e-01,
1158,1.18e+01,1.00e+00,8.00e-02,
1159,1.22e+01,1.20e+00,-8.00e-02,
1160,1.18e+01,1.20e+00,8.00e-02,
1161,1.22e+01,1.00e+00,-1.60e-01,
1162,1.22e+01,1.00e+00,8.00e-02,
1163,1.18e+01,1.20e+00,-1.60e-01,
1164,1.18e+01,1.20e+00,8.00e-02,
1165,1.22e+01,1.00e+00,-1.60e-01,
1166,1.18e+01,1.00e+00,-8.00e-02,
1167,1.22e+01,1.20e+00,8.00e-02,
1168,1.22e+01,1.20e+00,8.00e-02,
1169,1.18e+01,1.00e+00,-8.00e-02,
1170,1.18e+01,1.00e+00,8.00e-02,
1171,1.22e+01,1.20e+00,-1.60e-01,
1172,1.18e+01,1.00e+00,-8.00e-02,
1173,1.22e+01,1.20e+00,8.00e-02,
1174,1.18e+01,1.20e+00,-8.00e-02,
1175,1.22e+01,1.00e+00,8.00e-02,
1176,1.26e+01,1.00e+00,8.00e-02,
1177,1.12e+01,1.20e+00,-8.00e-02,
1178,1.12e+01,1.20e+00,8.00e-02,
1179,1.26e+01,1.00e+00,-8.00e-02,
1180,1.26e+01,1.20e+00,8.00e-02,
1181,1.12e+01,1.00e+00,-8.00e-02,
1182,1.26e+01,1.20e+00,8.00e-02,
1183,1.12e+01,1.00e+00,-1.60e-01,
1184,1.26e+01,1.00e+00,8.00e-02,
1185,1.14e+01,1.20e+00,-8.00e-02,
1186,1.18e+01,1.00e+00,-8.00e-02,
1187,1.26e+01,1.40e+00,8.00e-02,
1188,1.26e+01,1.20e+00,8.00e-02,
1189,1.14e+01,1.00e+00,-1.60e-01,
1190,1.26e+01,1.00e+00,8.00e-02,
1191,1.16e+01,1.40e+00,-8.00e-02,
1192,1.12e+01,1.00e+00,8.00e-02,
1193,1.26e+01,1.20e+00,-8.00e-02,
1194,1.22e+01,1.20e+00,8.00e-02,
1195,1.18e+01,1.00e+00,-1.60e-01,
1196,1.18e+01,1.20e+00,8.00e-02,
1197,1.22e+01,1.00e+00,-1.60e-01,
1198,1.26e+01,1.20e+00,8.00e-02,
1199,1.12e+01,1.00e+00,-8.00e-02,
