<?xml version="1.0" encoding="UTF-8"?>
<export version="D">
  <design>
    <source>/home/sarah/Documents/Spirometry/spirometer_design/Spiro/spiroBoard/baseBoard.sch</source>
    <date>Wed 20 Feb 2019 11:50:20 AM NZDT</date>
    <tool>Eeschema 5.0.1</tool>
    <sheet number="1" name="/" tstamps="/">
      <title_block>
        <title>Solenoid</title>
        <company/>
        <rev/>
        <date/>
        <source>baseBoard.sch</source>
        <comment number="1" value=""/>
        <comment number="2" value=""/>
        <comment number="3" value=""/>
        <comment number="4" value=""/>
      </title_block>
    </sheet>
  </design>
  <components>
    <comp ref="Csuper1">
      <value>1F</value>
      <footprint>SpiroParts:SCMR18H105PRBB0-SuperCap1F</footprint>
      <datasheet>~</datasheet>
      <libsource lib="Device" part="CP1" description="Polarized capacitor, US symbol"/>
      <sheetpath names="/" tstamps="/"/>
      <tstamp>5C50FC3F</tstamp>
    </comp>
    <comp ref="C0">
      <value>1uF</value>
      <footprint>Capacitor_SMD:C_0603_1608Metric</footprint>
      <datasheet>~</datasheet>
      <libsource lib="Device" part="C" description="Unpolarized capacitor"/>
      <sheetpath names="/" tstamps="/"/>
      <tstamp>5C5231A9</tstamp>
    </comp>
    <comp ref="C2">
      <value>2.2uF</value>
      <footprint>Capacitor_SMD:C_0603_1608Metric</footprint>
      <datasheet>~</datasheet>
      <libsource lib="Device" part="C" description="Unpolarized capacitor"/>
      <sheetpath names="/" tstamps="/"/>
      <tstamp>5C5231C4</tstamp>
    </comp>
    <comp ref="Csuper2">
      <value>1F</value>
      <footprint>SpiroParts:SCMR18H105PRBB0-SuperCap1F</footprint>
      <datasheet>~</datasheet>
      <libsource lib="Device" part="CP1" description="Polarized capacitor, US symbol"/>
      <sheetpath names="/" tstamps="/"/>
      <tstamp>5C590AED</tstamp>
    </comp>
    <comp ref="R2">
      <value>1K</value>
      <footprint>Resistor_SMD:R_0201_0603Metric</footprint>
      <datasheet>~</datasheet>
      <libsource lib="Device" part="R" description="Resistor"/>
      <sheetpath names="/" tstamps="/"/>
      <tstamp>5C5193D8</tstamp>
    </comp>
    <comp ref="J3">
      <value>Screw_Terminal_01x02</value>
      <footprint>TerminalBlock_Phoenix:TerminalBlock_Phoenix_PT-1,5-2-5.0-H_1x02_P5.00mm_Horizontal</footprint>
      <datasheet>~</datasheet>
      <libsource lib="Connector" part="Screw_Terminal_01x02" description="Generic screw terminal, single row, 01x02, script generated (kicad-library-utils/schlib/autogen/connector/)"/>
      <sheetpath names="/" tstamps="/"/>
      <tstamp>5C592068</tstamp>
    </comp>
    <comp ref="J1">
      <value>Barrel_Jack_Switch</value>
      <footprint>SpiroParts:PJ-025-powerJack</footprint>
      <datasheet>~</datasheet>
      <libsource lib="Connector" part="Barrel_Jack_Switch" description="DC Barrel Jack with an internal switch"/>
      <sheetpath names="/" tstamps="/"/>
      <tstamp>5C5B5393</tstamp>
    </comp>
    <comp ref="PSH1">
      <value>ASDXRRX001PDAA5</value>
      <footprint>SpiroParts:ASDXRRX001PDAA5-PressureSensor</footprint>
      <libsource lib="solenoidParts" part="ASDXRRX001PDAA5" description=""/>
      <sheetpath names="/" tstamps="/"/>
      <tstamp>5C5B7767</tstamp>
    </comp>
    <comp ref="PSL1">
      <value>SSCSNBN001NDAA5</value>
      <footprint>SpiroParts:SSCSNBN001NDAA5</footprint>
      <libsource lib="solenoidParts" part="SSCSNBN001NDAA5" description=""/>
      <sheetpath names="/" tstamps="/"/>
      <tstamp>5C5B788B</tstamp>
    </comp>
    <comp ref="PSL2">
      <value>SSCSNBN001NDAA5</value>
      <footprint>SpiroParts:SSCSNBN001NDAA5</footprint>
      <libsource lib="solenoidParts" part="SSCSNBN001NDAA5" description=""/>
      <sheetpath names="/" tstamps="/"/>
      <tstamp>5C5B7901</tstamp>
    </comp>
    <comp ref="U4">
      <value>ATmega32U4-MU</value>
      <footprint>Package_DFN_QFN:QFN-44-1EP_7x7mm_P0.5mm_EP5.2x5.2mm</footprint>
      <datasheet>http://ww1.microchip.com/downloads/en/DeviceDoc/Atmel-7766-8-bit-AVR-ATmega16U4-32U4_Datasheet.pdf</datasheet>
      <libsource lib="MCU_Microchip_ATmega" part="ATmega32U4-MU" description="16MHz, 32kB Flash, 2.5kB SRAM, 1kB EEPROM, USB 2.0, QFN-44"/>
      <sheetpath names="/" tstamps="/"/>
      <tstamp>5C5BC72D</tstamp>
    </comp>
    <comp ref="J2">
      <value>USB_B_Mini</value>
      <footprint>Connector_USB:USB_Mini-B_Lumberg_2486_01_Horizontal</footprint>
      <datasheet>~</datasheet>
      <libsource lib="Connector" part="USB_B_Mini" description="USB Mini Type B connector"/>
      <sheetpath names="/" tstamps="/"/>
      <tstamp>5C5BED2E</tstamp>
    </comp>
    <comp ref="C3">
      <value>1uF</value>
      <footprint>Capacitor_SMD:C_0603_1608Metric</footprint>
      <datasheet>~</datasheet>
      <libsource lib="Device" part="C" description="Unpolarized capacitor"/>
      <sheetpath names="/" tstamps="/"/>
      <tstamp>5C5C0127</tstamp>
    </comp>
    <comp ref="R3">
      <value>22</value>
      <footprint>Resistor_SMD:R_0603_1608Metric</footprint>
      <datasheet>~</datasheet>
      <libsource lib="Device" part="R" description="Resistor"/>
      <sheetpath names="/" tstamps="/"/>
      <tstamp>5C5C088F</tstamp>
    </comp>
    <comp ref="R4">
      <value>22</value>
      <footprint>Resistor_SMD:R_0603_1608Metric</footprint>
      <datasheet>~</datasheet>
      <libsource lib="Device" part="R" description="Resistor"/>
      <sheetpath names="/" tstamps="/"/>
      <tstamp>5C5C0944</tstamp>
    </comp>
    <comp ref="5V_REG1">
      <value>MIC5219YM5</value>
      <footprint>Package_TO_SOT_SMD:SOT-23-5</footprint>
      <datasheet>http://ww1.microchip.com/downloads/en/DeviceDoc/MIC5219-500mA-Peak-Output-LDO-Regulator-DS20006021A.pdf</datasheet>
      <libsource lib="Regulator_Linear" part="MIC5219YM5" description="500mA low dropout linear regulator, adjustable output, SOT-23-5"/>
      <sheetpath names="/" tstamps="/"/>
      <tstamp>5C5C2CB8</tstamp>
    </comp>
    <comp ref="R1">
      <value>1K</value>
      <footprint>Resistor_SMD:R_0201_0603Metric</footprint>
      <datasheet>~</datasheet>
      <libsource lib="Device" part="R" description="Resistor"/>
      <sheetpath names="/" tstamps="/"/>
      <tstamp>5C5C36A5</tstamp>
    </comp>
    <comp ref="D1">
      <value>LED</value>
      <footprint>LED_SMD:LED_0603_1608Metric</footprint>
      <datasheet>~</datasheet>
      <libsource lib="Device" part="LED" description="Light emitting diode"/>
      <sheetpath names="/" tstamps="/"/>
      <tstamp>5C5C3E88</tstamp>
    </comp>
    <comp ref="C1">
      <value>470pF</value>
      <footprint>Capacitor_SMD:C_0603_1608Metric</footprint>
      <datasheet>~</datasheet>
      <libsource lib="Device" part="C" description="Unpolarized capacitor"/>
      <sheetpath names="/" tstamps="/"/>
      <tstamp>5C5C4B38</tstamp>
    </comp>
    <comp ref="R0">
      <value>1K</value>
      <footprint>Resistor_SMD:R_0201_0603Metric</footprint>
      <datasheet>~</datasheet>
      <libsource lib="Device" part="R" description="Resistor"/>
      <sheetpath names="/" tstamps="/"/>
      <tstamp>5C5C6D45</tstamp>
    </comp>
    <comp ref="FB1">
      <value>Ferrite_Bead</value>
      <footprint>Resistor_SMD:R_0402_1005Metric</footprint>
      <datasheet>~</datasheet>
      <libsource lib="Device" part="Ferrite_Bead" description="Ferrite bead"/>
      <sheetpath names="/" tstamps="/"/>
      <tstamp>5C5CE769</tstamp>
    </comp>
    <comp ref="C5">
      <value>100nF</value>
      <footprint>Capacitor_SMD:C_0603_1608Metric</footprint>
      <datasheet>~</datasheet>
      <libsource lib="Device" part="C" description="Unpolarized capacitor"/>
      <sheetpath names="/" tstamps="/"/>
      <tstamp>5C5CE8A2</tstamp>
    </comp>
    <comp ref="C4">
      <value>10uF</value>
      <footprint>Capacitor_SMD:C_0603_1608Metric</footprint>
      <datasheet>~</datasheet>
      <libsource lib="Device" part="C" description="Unpolarized capacitor"/>
      <sheetpath names="/" tstamps="/"/>
      <tstamp>5C5D01EA</tstamp>
    </comp>
    <comp ref="C6">
      <value>1uF</value>
      <footprint>Capacitor_SMD:C_0603_1608Metric</footprint>
      <datasheet>~</datasheet>
      <libsource lib="Device" part="C" description="Unpolarized capacitor"/>
      <sheetpath names="/" tstamps="/"/>
      <tstamp>5C5D0EFC</tstamp>
    </comp>
    <comp ref="Y1">
      <value>16MHz</value>
      <footprint>SpiroParts:Crystal_SMD_SeikoEpson_TSX3225-4Pin_3.2x2.5mm</footprint>
      <datasheet>~</datasheet>
      <libsource lib="Device" part="Crystal" description="Two pin crystal"/>
      <sheetpath names="/" tstamps="/"/>
      <tstamp>5C5D218C</tstamp>
    </comp>
    <comp ref="C7">
      <value>22pF</value>
      <footprint>Capacitor_SMD:C_0603_1608Metric</footprint>
      <datasheet>~</datasheet>
      <libsource lib="Device" part="C" description="Unpolarized capacitor"/>
      <sheetpath names="/" tstamps="/"/>
      <tstamp>5C5D444C</tstamp>
    </comp>
    <comp ref="C8">
      <value>22pF</value>
      <footprint>Capacitor_SMD:C_0603_1608Metric</footprint>
      <datasheet>~</datasheet>
      <libsource lib="Device" part="C" description="Unpolarized capacitor"/>
      <sheetpath names="/" tstamps="/"/>
      <tstamp>5C5D454B</tstamp>
    </comp>
    <comp ref="TP1">
      <value>TestPoint</value>
      <footprint>SpiroParts:testPoint-2.2x1.4</footprint>
      <datasheet>~</datasheet>
      <libsource lib="Connector" part="TestPoint" description="test point"/>
      <sheetpath names="/" tstamps="/"/>
      <tstamp>5C5EE45F</tstamp>
    </comp>
    <comp ref="TP2">
      <value>TestPoint</value>
      <footprint>SpiroParts:testPoint-2.2x1.4</footprint>
      <datasheet>~</datasheet>
      <libsource lib="Connector" part="TestPoint" description="test point"/>
      <sheetpath names="/" tstamps="/"/>
      <tstamp>5C5EE560</tstamp>
    </comp>
    <comp ref="TP3">
      <value>TestPoint</value>
      <footprint>SpiroParts:testPoint-2.2x1.4</footprint>
      <datasheet>~</datasheet>
      <libsource lib="Connector" part="TestPoint" description="test point"/>
      <sheetpath names="/" tstamps="/"/>
      <tstamp>5C5EE608</tstamp>
    </comp>
    <comp ref="TP4">
      <value>TestPoint</value>
      <footprint>SpiroParts:testPoint-2.2x1.4</footprint>
      <datasheet>~</datasheet>
      <libsource lib="Connector" part="TestPoint" description="test point"/>
      <sheetpath names="/" tstamps="/"/>
      <tstamp>5C5F39CA</tstamp>
    </comp>
    <comp ref="TP5">
      <value>TestPoint</value>
      <footprint>SpiroParts:testPoint-2.2x1.4</footprint>
      <datasheet>~</datasheet>
      <libsource lib="Connector" part="TestPoint" description="test point"/>
      <sheetpath names="/" tstamps="/"/>
      <tstamp>5C5F3A76</tstamp>
    </comp>
    <comp ref="TP6">
      <value>TestPoint</value>
      <footprint>SpiroParts:testPoint-2.2x1.4</footprint>
      <datasheet>~</datasheet>
      <libsource lib="Connector" part="TestPoint" description="test point"/>
      <sheetpath names="/" tstamps="/"/>
      <tstamp>5C5F3B1D</tstamp>
    </comp>
    <comp ref="TP0">
      <value>TestPoint</value>
      <footprint>SpiroParts:testPoint-2.2x1.4</footprint>
      <datasheet>~</datasheet>
      <libsource lib="Connector" part="TestPoint" description="test point"/>
      <sheetpath names="/" tstamps="/"/>
      <tstamp>5C5F47A8</tstamp>
    </comp>
    <comp ref="TP7">
      <value>TestPoint</value>
      <footprint>SpiroParts:testPoint-2.2x1.4</footprint>
      <datasheet>~</datasheet>
      <libsource lib="Connector" part="TestPoint" description="test point"/>
      <sheetpath names="/" tstamps="/"/>
      <tstamp>5C5FAC4B</tstamp>
    </comp>
    <comp ref="H2">
      <value>MountingHole</value>
      <footprint>MountingHole:MountingHole_3.2mm_M3</footprint>
      <datasheet>~</datasheet>
      <libsource lib="Mechanical" part="MountingHole" description="Mounting Hole without connection"/>
      <sheetpath names="/" tstamps="/"/>
      <tstamp>5C5FB11D</tstamp>
    </comp>
    <comp ref="H1">
      <value>MountingHole</value>
      <footprint>MountingHole:MountingHole_3.2mm_M3</footprint>
      <datasheet>~</datasheet>
      <libsource lib="Mechanical" part="MountingHole" description="Mounting Hole without connection"/>
      <sheetpath names="/" tstamps="/"/>
      <tstamp>5C5FB344</tstamp>
    </comp>
    <comp ref="H3">
      <value>MountingHole</value>
      <footprint>MountingHole:MountingHole_3.2mm_M3</footprint>
      <datasheet>~</datasheet>
      <libsource lib="Mechanical" part="MountingHole" description="Mounting Hole without connection"/>
      <sheetpath names="/" tstamps="/"/>
      <tstamp>5C5FB3F8</tstamp>
    </comp>
    <comp ref="H4">
      <value>MountingHole</value>
      <footprint>MountingHole:MountingHole_3.2mm_M3</footprint>
      <datasheet>~</datasheet>
      <libsource lib="Mechanical" part="MountingHole" description="Mounting Hole without connection"/>
      <sheetpath names="/" tstamps="/"/>
      <tstamp>5C5FB4A9</tstamp>
    </comp>
    <comp ref="TP9">
      <value>TestPoint</value>
      <footprint>SpiroParts:testPoint-2.2x1.4</footprint>
      <datasheet>~</datasheet>
      <libsource lib="Connector" part="TestPoint" description="test point"/>
      <sheetpath names="/" tstamps="/"/>
      <tstamp>5C5FF6A3</tstamp>
    </comp>
    <comp ref="C9">
      <value>0.1uF</value>
      <footprint>Capacitor_SMD:C_0603_1608Metric</footprint>
      <datasheet>~</datasheet>
      <libsource lib="Device" part="C" description="Unpolarized capacitor"/>
      <sheetpath names="/" tstamps="/"/>
      <tstamp>5C63F564</tstamp>
    </comp>
    <comp ref="C10">
      <value>0.1uF</value>
      <footprint>Capacitor_SMD:C_0603_1608Metric</footprint>
      <datasheet>~</datasheet>
      <libsource lib="Device" part="C" description="Unpolarized capacitor"/>
      <sheetpath names="/" tstamps="/"/>
      <tstamp>5C647D5B</tstamp>
    </comp>
    <comp ref="NMOS1">
      <value>2N7002</value>
      <footprint>Package_TO_SOT_SMD:SOT-23</footprint>
      <datasheet>https://www.fairchildsemi.com/datasheets/2N/2N7002.pdf</datasheet>
      <libsource lib="Transistor_FET" part="2N7002" description="0.115A Id, 60V Vds, N-channel MOSFET, SOT-23"/>
      <sheetpath names="/" tstamps="/"/>
      <tstamp>5C64C233</tstamp>
    </comp>
    <comp ref="C11">
      <value>0.1uF</value>
      <footprint>Capacitor_SMD:C_0603_1608Metric</footprint>
      <datasheet>~</datasheet>
      <libsource lib="Device" part="C" description="Unpolarized capacitor"/>
      <sheetpath names="/" tstamps="/"/>
      <tstamp>5C655CD2</tstamp>
    </comp>
    <comp ref="C12">
      <value>0.1uF</value>
      <footprint>Capacitor_SMD:C_0603_1608Metric</footprint>
      <datasheet>~</datasheet>
      <libsource lib="Device" part="C" description="Unpolarized capacitor"/>
      <sheetpath names="/" tstamps="/"/>
      <tstamp>5C6563FF</tstamp>
    </comp>
    <comp ref="C13">
      <value>0.1uF</value>
      <footprint>Capacitor_SMD:C_0603_1608Metric</footprint>
      <datasheet>~</datasheet>
      <libsource lib="Device" part="C" description="Unpolarized capacitor"/>
      <sheetpath names="/" tstamps="/"/>
      <tstamp>5C65725B</tstamp>
    </comp>
  </components>
  <libparts>
    <libpart lib="Connector" part="Barrel_Jack_Switch">
      <description>DC Barrel Jack with an internal switch</description>
      <docs>~</docs>
      <footprints>
        <fp>BarrelJack*</fp>
      </footprints>
      <fields>
        <field name="Reference">J</field>
        <field name="Value">Barrel_Jack_Switch</field>
      </fields>
      <pins>
        <pin num="1" name="~" type="passive"/>
        <pin num="2" name="~" type="passive"/>
        <pin num="3" name="~" type="passive"/>
      </pins>
    </libpart>
    <libpart lib="Connector" part="Screw_Terminal_01x02">
      <description>Generic screw terminal, single row, 01x02, script generated (kicad-library-utils/schlib/autogen/connector/)</description>
      <docs>~</docs>
      <footprints>
        <fp>TerminalBlock*:*</fp>
      </footprints>
      <fields>
        <field name="Reference">J</field>
        <field name="Value">Screw_Terminal_01x02</field>
      </fields>
      <pins>
        <pin num="1" name="Pin_1" type="passive"/>
        <pin num="2" name="Pin_2" type="passive"/>
      </pins>
    </libpart>
    <libpart lib="Connector" part="TestPoint">
      <description>test point</description>
      <docs>~</docs>
      <footprints>
        <fp>Pin*</fp>
        <fp>Test*</fp>
      </footprints>
      <fields>
        <field name="Reference">TP</field>
        <field name="Value">TestPoint</field>
      </fields>
      <pins>
        <pin num="1" name="1" type="passive"/>
      </pins>
    </libpart>
    <libpart lib="Connector" part="USB_B_Micro">
      <aliases>
        <alias>USB_B_Mini</alias>
      </aliases>
      <description>USB Micro Type B connector</description>
      <docs>~</docs>
      <footprints>
        <fp>USB*</fp>
      </footprints>
      <fields>
        <field name="Reference">J</field>
        <field name="Value">USB_B_Micro</field>
      </fields>
      <pins>
        <pin num="1" name="VBUS" type="power_out"/>
        <pin num="2" name="D-" type="passive"/>
        <pin num="3" name="D+" type="passive"/>
        <pin num="4" name="ID" type="passive"/>
        <pin num="5" name="GND" type="power_out"/>
        <pin num="6" name="Shield" type="passive"/>
      </pins>
    </libpart>
    <libpart lib="Device" part="C">
      <description>Unpolarized capacitor</description>
      <docs>~</docs>
      <footprints>
        <fp>C_*</fp>
      </footprints>
      <fields>
        <field name="Reference">C</field>
        <field name="Value">C</field>
      </fields>
      <pins>
        <pin num="1" name="~" type="passive"/>
        <pin num="2" name="~" type="passive"/>
      </pins>
    </libpart>
    <libpart lib="Device" part="CP1">
      <description>Polarized capacitor, US symbol</description>
      <docs>~</docs>
      <footprints>
        <fp>CP_*</fp>
      </footprints>
      <fields>
        <field name="Reference">C</field>
        <field name="Value">CP1</field>
      </fields>
      <pins>
        <pin num="1" name="~" type="passive"/>
        <pin num="2" name="~" type="passive"/>
      </pins>
    </libpart>
    <libpart lib="Device" part="Crystal">
      <description>Two pin crystal</description>
      <docs>~</docs>
      <footprints>
        <fp>Crystal*</fp>
      </footprints>
      <fields>
        <field name="Reference">Y</field>
        <field name="Value">Crystal</field>
      </fields>
      <pins>
        <pin num="1" name="1" type="passive"/>
        <pin num="2" name="2" type="passive"/>
      </pins>
    </libpart>
    <libpart lib="Device" part="Ferrite_Bead">
      <description>Ferrite bead</description>
      <docs>~</docs>
      <footprints>
        <fp>Inductor_*</fp>
        <fp>L_*</fp>
        <fp>*Ferrite*</fp>
      </footprints>
      <fields>
        <field name="Reference">FB</field>
        <field name="Value">Ferrite_Bead</field>
      </fields>
      <pins>
        <pin num="1" name="~" type="passive"/>
        <pin num="2" name="~" type="passive"/>
      </pins>
    </libpart>
    <libpart lib="Device" part="LED">
      <description>Light emitting diode</description>
      <docs>~</docs>
      <footprints>
        <fp>LED*</fp>
        <fp>LED_SMD:*</fp>
        <fp>LED_THT:*</fp>
      </footprints>
      <fields>
        <field name="Reference">D</field>
        <field name="Value">LED</field>
      </fields>
      <pins>
        <pin num="1" name="K" type="passive"/>
        <pin num="2" name="A" type="passive"/>
      </pins>
    </libpart>
    <libpart lib="Device" part="R">
      <description>Resistor</description>
      <docs>~</docs>
      <footprints>
        <fp>R_*</fp>
      </footprints>
      <fields>
        <field name="Reference">R</field>
        <field name="Value">R</field>
      </fields>
      <pins>
        <pin num="1" name="~" type="passive"/>
        <pin num="2" name="~" type="passive"/>
      </pins>
    </libpart>
    <libpart lib="MCU_Microchip_ATmega" part="ATmega16U4-MU">
      <aliases>
        <alias>ATmega16U4RC-MU</alias>
        <alias>ATmega32U4-MU</alias>
        <alias>ATmega32U4RC-MU</alias>
      </aliases>
      <description>16MHz, 16kB Flash, 1.25kB SRAM, 512B EEPROM, USB 2.0, QFN-44</description>
      <docs>http://ww1.microchip.com/downloads/en/DeviceDoc/Atmel-7766-8-bit-AVR-ATmega16U4-32U4_Datasheet.pdf</docs>
      <footprints>
        <fp>QFN*1EP*7x7mm*P0.5mm*</fp>
      </footprints>
      <fields>
        <field name="Reference">U</field>
        <field name="Value">ATmega16U4-MU</field>
        <field name="Footprint">Package_DFN_QFN:QFN-44-1EP_7x7mm_P0.5mm_EP5.2x5.2mm</field>
      </fields>
      <pins>
        <pin num="1" name="PE6" type="3state"/>
        <pin num="2" name="UVCC" type="power_in"/>
        <pin num="3" name="D-" type="BiDi"/>
        <pin num="4" name="D+" type="BiDi"/>
        <pin num="5" name="UGND" type="passive"/>
        <pin num="6" name="UCAP" type="passive"/>
        <pin num="7" name="VBUS" type="input"/>
        <pin num="8" name="PB0" type="3state"/>
        <pin num="9" name="PB1" type="3state"/>
        <pin num="10" name="PB2" type="3state"/>
        <pin num="11" name="PB3" type="3state"/>
        <pin num="12" name="PB7" type="3state"/>
        <pin num="13" name="~RESET" type="input"/>
        <pin num="14" name="VCC" type="power_in"/>
        <pin num="15" name="GND" type="power_in"/>
        <pin num="16" name="XTAL2" type="output"/>
        <pin num="17" name="XTAL1" type="input"/>
        <pin num="18" name="PD0" type="3state"/>
        <pin num="19" name="PD1" type="3state"/>
        <pin num="20" name="PD2" type="3state"/>
        <pin num="21" name="PD3" type="3state"/>
        <pin num="22" name="PD5" type="3state"/>
        <pin num="23" name="GND" type="passive"/>
        <pin num="24" name="AVCC" type="power_in"/>
        <pin num="25" name="PD4" type="3state"/>
        <pin num="26" name="PD6" type="3state"/>
        <pin num="27" name="PD7" type="3state"/>
        <pin num="28" name="PB4" type="3state"/>
        <pin num="29" name="PB5" type="3state"/>
        <pin num="30" name="PB6" type="3state"/>
        <pin num="31" name="PC6" type="3state"/>
        <pin num="32" name="PC7" type="3state"/>
        <pin num="33" name="~HWB~/PE2" type="3state"/>
        <pin num="34" name="VCC" type="passive"/>
        <pin num="35" name="GND" type="passive"/>
        <pin num="36" name="PF7" type="3state"/>
        <pin num="37" name="PF6" type="3state"/>
        <pin num="38" name="PF5" type="3state"/>
        <pin num="39" name="PF4" type="3state"/>
        <pin num="40" name="PF1" type="3state"/>
        <pin num="41" name="PF0" type="3state"/>
        <pin num="42" name="AREF" type="passive"/>
        <pin num="43" name="GND" type="passive"/>
        <pin num="44" name="AVCC" type="passive"/>
        <pin num="45" name="GND" type="passive"/>
      </pins>
    </libpart>
    <libpart lib="Mechanical" part="MountingHole">
      <description>Mounting Hole without connection</description>
      <docs>~</docs>
      <footprints>
        <fp>MountingHole*</fp>
      </footprints>
      <fields>
        <field name="Reference">H</field>
        <field name="Value">MountingHole</field>
      </fields>
    </libpart>
    <libpart lib="Regulator_Linear" part="MIC5205YM5">
      <aliases>
        <alias>MIC5219YM5</alias>
        <alias>SPX3819M5-L</alias>
      </aliases>
      <description>150mA low dropout linear regulator, adjustable output, SOT-23-5</description>
      <docs>http://ww1.microchip.com/downloads/en/DeviceDoc/20005785A.pdf</docs>
      <footprints>
        <fp>SOT?23*</fp>
      </footprints>
      <fields>
        <field name="Reference">U</field>
        <field name="Value">MIC5205YM5</field>
        <field name="Footprint">Package_TO_SOT_SMD:SOT-23-5</field>
      </fields>
      <pins>
        <pin num="1" name="IN" type="power_in"/>
        <pin num="2" name="GND" type="power_in"/>
        <pin num="3" name="EN" type="input"/>
        <pin num="4" name="ADJ" type="input"/>
        <pin num="5" name="OUT" type="power_out"/>
      </pins>
    </libpart>
    <libpart lib="Transistor_FET" part="BSS138">
      <aliases>
        <alias>2N7002</alias>
        <alias>MMBF170</alias>
      </aliases>
      <description>50V Vds, 0.22A Id, N-channel MOSFET, SOT-23</description>
      <docs>https://www.fairchildsemi.com/datasheets/BS/BSS138.pdf</docs>
      <footprints>
        <fp>SOT?23*</fp>
      </footprints>
      <fields>
        <field name="Reference">Q</field>
        <field name="Value">BSS138</field>
        <field name="Footprint">Package_TO_SOT_SMD:SOT-23</field>
      </fields>
      <pins>
        <pin num="1" name="G" type="input"/>
        <pin num="2" name="S" type="passive"/>
        <pin num="3" name="D" type="passive"/>
      </pins>
    </libpart>
    <libpart lib="solenoidParts" part="ASDXRRX001PDAA5">
      <fields>
        <field name="Reference">U</field>
        <field name="Value">ASDXRRX001PDAA5</field>
      </fields>
      <pins>
        <pin num="1" name="Vs" type="input"/>
        <pin num="2" name="Vo" type="input"/>
        <pin num="3" name="GND" type="input"/>
        <pin num="4" name="NC" type="input"/>
        <pin num="5" name="NC" type="input"/>
        <pin num="6" name="NC" type="input"/>
        <pin num="7" name="NC" type="input"/>
        <pin num="8" name="NC" type="input"/>
      </pins>
    </libpart>
    <libpart lib="solenoidParts" part="SSCSNBN001NDAA5">
      <fields>
        <field name="Reference">U</field>
        <field name="Value">SSCSNBN001NDAA5</field>
      </fields>
      <pins>
        <pin num="1" name="NC" type="input"/>
        <pin num="2" name="Vs" type="input"/>
        <pin num="3" name="Vo" type="input"/>
        <pin num="4" name="GND" type="input"/>
      </pins>
    </libpart>
  </libparts>
  <libraries>
    <library logical="Connector">
      <uri>/usr/share/kicad/library/Connector.lib</uri>
    </library>
    <library logical="Device">
      <uri>/usr/share/kicad/library/Device.lib</uri>
    </library>
    <library logical="MCU_Microchip_ATmega">
      <uri>/usr/share/kicad/library/MCU_Microchip_ATmega.lib</uri>
    </library>
    <library logical="Mechanical">
      <uri>/usr/share/kicad/library/Mechanical.lib</uri>
    </library>
    <library logical="Regulator_Linear">
      <uri>/usr/share/kicad/library/Regulator_Linear.lib</uri>
    </library>
    <library logical="Transistor_FET">
      <uri>/usr/share/kicad/library/Transistor_FET.lib</uri>
    </library>
    <library logical="solenoidParts">
      <uri>/home/sarah/Documents/Spirometry/spirometer_design/Spiro/spiroBoard/solenoidParts.lib</uri>
    </library>
  </libraries>
  <nets>
    <net code="1" name="GND">
      <node ref="C8" pin="2"/>
      <node ref="C7" pin="1"/>
      <node ref="D1" pin="1"/>
      <node ref="TP0" pin="1"/>
      <node ref="C1" pin="2"/>
      <node ref="PSH1" pin="3"/>
      <node ref="J1" pin="3"/>
      <node ref="J1" pin="2"/>
      <node ref="C11" pin="2"/>
      <node ref="C13" pin="2"/>
      <node ref="C12" pin="2"/>
      <node ref="NMOS1" pin="2"/>
      <node ref="C10" pin="2"/>
      <node ref="C9" pin="2"/>
      <node ref="U4" pin="5"/>
      <node ref="U4" pin="45"/>
      <node ref="U4" pin="43"/>
      <node ref="C3" pin="2"/>
      <node ref="J2" pin="6"/>
      <node ref="C5" pin="2"/>
      <node ref="J2" pin="5"/>
      <node ref="U4" pin="15"/>
      <node ref="U4" pin="23"/>
      <node ref="U4" pin="35"/>
      <node ref="C2" pin="2"/>
      <node ref="5V_REG1" pin="2"/>
      <node ref="PSL2" pin="4"/>
      <node ref="PSL1" pin="4"/>
      <node ref="C0" pin="2"/>
      <node ref="C4" pin="2"/>
      <node ref="Csuper2" pin="2"/>
      <node ref="C6" pin="2"/>
    </net>
    <net code="2" name="/AVCC">
      <node ref="U4" pin="44"/>
      <node ref="U4" pin="24"/>
      <node ref="C12" pin="1"/>
      <node ref="C5" pin="1"/>
      <node ref="FB1" pin="2"/>
    </net>
    <net code="3" name="Net-(R0-Pad1)">
      <node ref="U4" pin="13"/>
      <node ref="R0" pin="1"/>
    </net>
    <net code="4" name="/VCC">
      <node ref="R0" pin="2"/>
      <node ref="5V_REG1" pin="5"/>
      <node ref="PSL2" pin="2"/>
      <node ref="PSL1" pin="2"/>
      <node ref="PSH1" pin="1"/>
      <node ref="TP5" pin="1"/>
      <node ref="R1" pin="2"/>
      <node ref="C2" pin="1"/>
      <node ref="U4" pin="2"/>
      <node ref="U4" pin="14"/>
      <node ref="U4" pin="34"/>
      <node ref="FB1" pin="1"/>
      <node ref="C13" pin="1"/>
      <node ref="C10" pin="1"/>
      <node ref="C11" pin="1"/>
      <node ref="C9" pin="1"/>
    </net>
    <net code="5" name="Net-(C7-Pad2)">
      <node ref="U4" pin="17"/>
      <node ref="Y1" pin="1"/>
      <node ref="C7" pin="2"/>
    </net>
    <net code="6" name="/VUSB">
      <node ref="C4" pin="1"/>
      <node ref="J2" pin="1"/>
      <node ref="U4" pin="7"/>
      <node ref="TP4" pin="1"/>
    </net>
    <net code="7" name="Net-(D1-Pad2)">
      <node ref="R1" pin="1"/>
      <node ref="D1" pin="2"/>
    </net>
    <net code="8" name="Net-(5V_REG1-Pad4)">
      <node ref="5V_REG1" pin="4"/>
      <node ref="C1" pin="1"/>
    </net>
    <net code="9" name="Net-(J2-Pad2)">
      <node ref="J2" pin="2"/>
      <node ref="R4" pin="1"/>
    </net>
    <net code="10" name="Net-(J2-Pad3)">
      <node ref="R3" pin="2"/>
      <node ref="J2" pin="3"/>
    </net>
    <net code="11" name="Net-(NMOS1-Pad1)">
      <node ref="NMOS1" pin="1"/>
      <node ref="R2" pin="1"/>
    </net>
    <net code="12" name="/solenoidGND">
      <node ref="NMOS1" pin="3"/>
      <node ref="TP9" pin="1"/>
      <node ref="J3" pin="2"/>
    </net>
    <net code="13" name="/Vin">
      <node ref="TP7" pin="1"/>
      <node ref="J3" pin="1"/>
      <node ref="J1" pin="1"/>
      <node ref="Csuper1" pin="1"/>
      <node ref="5V_REG1" pin="3"/>
      <node ref="5V_REG1" pin="1"/>
      <node ref="C0" pin="1"/>
    </net>
    <net code="14" name="Net-(C8-Pad1)">
      <node ref="Y1" pin="2"/>
      <node ref="U4" pin="16"/>
      <node ref="C8" pin="1"/>
    </net>
    <net code="15" name="/solenoidToggle">
      <node ref="TP6" pin="1"/>
      <node ref="U4" pin="8"/>
      <node ref="R2" pin="2"/>
    </net>
    <net code="16" name="/PressureSensorLow2">
      <node ref="TP3" pin="1"/>
      <node ref="PSL2" pin="3"/>
      <node ref="U4" pin="28"/>
    </net>
    <net code="17" name="/PressureSensorLow1">
      <node ref="PSL1" pin="3"/>
      <node ref="U4" pin="29"/>
      <node ref="TP2" pin="1"/>
    </net>
    <net code="18" name="/PressureSensorHigh">
      <node ref="U4" pin="30"/>
      <node ref="TP1" pin="1"/>
      <node ref="PSH1" pin="2"/>
    </net>
    <net code="19" name="Net-(PSL1-Pad1)">
      <node ref="PSL1" pin="1"/>
    </net>
    <net code="20" name="Net-(PSH1-Pad8)">
      <node ref="PSH1" pin="8"/>
    </net>
    <net code="21" name="Net-(PSH1-Pad7)">
      <node ref="PSH1" pin="7"/>
    </net>
    <net code="22" name="Net-(PSH1-Pad6)">
      <node ref="PSH1" pin="6"/>
    </net>
    <net code="23" name="Net-(PSH1-Pad5)">
      <node ref="PSH1" pin="5"/>
    </net>
    <net code="24" name="Net-(PSH1-Pad4)">
      <node ref="PSH1" pin="4"/>
    </net>
    <net code="25" name="Net-(PSL2-Pad1)">
      <node ref="PSL2" pin="1"/>
    </net>
    <net code="26" name="Net-(Csuper1-Pad2)">
      <node ref="Csuper2" pin="1"/>
      <node ref="Csuper1" pin="2"/>
    </net>
    <net code="27" name="Net-(C3-Pad1)">
      <node ref="C3" pin="1"/>
      <node ref="U4" pin="6"/>
    </net>
    <net code="28" name="Net-(U4-Pad9)">
      <node ref="U4" pin="9"/>
    </net>
    <net code="29" name="/AREF">
      <node ref="C6" pin="1"/>
      <node ref="U4" pin="42"/>
    </net>
    <net code="30" name="Net-(U4-Pad41)">
      <node ref="U4" pin="41"/>
    </net>
    <net code="31" name="Net-(U4-Pad40)">
      <node ref="U4" pin="40"/>
    </net>
    <net code="32" name="/D+">
      <node ref="U4" pin="4"/>
      <node ref="R3" pin="1"/>
    </net>
    <net code="33" name="Net-(U4-Pad39)">
      <node ref="U4" pin="39"/>
    </net>
    <net code="34" name="Net-(J2-Pad4)">
      <node ref="J2" pin="4"/>
    </net>
    <net code="35" name="Net-(U4-Pad22)">
      <node ref="U4" pin="22"/>
    </net>
    <net code="36" name="Net-(U4-Pad21)">
      <node ref="U4" pin="21"/>
    </net>
    <net code="37" name="Net-(U4-Pad20)">
      <node ref="U4" pin="20"/>
    </net>
    <net code="38" name="Net-(U4-Pad19)">
      <node ref="U4" pin="19"/>
    </net>
    <net code="39" name="Net-(U4-Pad18)">
      <node ref="U4" pin="18"/>
    </net>
    <net code="40" name="Net-(U4-Pad12)">
      <node ref="U4" pin="12"/>
    </net>
    <net code="41" name="Net-(U4-Pad11)">
      <node ref="U4" pin="11"/>
    </net>
    <net code="42" name="Net-(U4-Pad10)">
      <node ref="U4" pin="10"/>
    </net>
    <net code="43" name="Net-(U4-Pad1)">
      <node ref="U4" pin="1"/>
    </net>
    <net code="44" name="Net-(U4-Pad38)">
      <node ref="U4" pin="38"/>
    </net>
    <net code="45" name="Net-(U4-Pad37)">
      <node ref="U4" pin="37"/>
    </net>
    <net code="46" name="Net-(U4-Pad36)">
      <node ref="U4" pin="36"/>
    </net>
    <net code="47" name="Net-(U4-Pad33)">
      <node ref="U4" pin="33"/>
    </net>
    <net code="48" name="Net-(U4-Pad32)">
      <node ref="U4" pin="32"/>
    </net>
    <net code="49" name="Net-(U4-Pad31)">
      <node ref="U4" pin="31"/>
    </net>
    <net code="50" name="/D-">
      <node ref="U4" pin="3"/>
      <node ref="R4" pin="2"/>
    </net>
    <net code="51" name="Net-(U4-Pad27)">
      <node ref="U4" pin="27"/>
    </net>
    <net code="52" name="Net-(U4-Pad26)">
      <node ref="U4" pin="26"/>
    </net>
    <net code="53" name="Net-(U4-Pad25)">
      <node ref="U4" pin="25"/>
    </net>
  </nets>
</export>
